Div,Date,HomeTeam,AwayTeam,FTHG,FTAG,FTR,HTHG,HTAG,HTR,HS,AS,HST,AST,HF,AF,HC,AC,HY,AY,HR,AR,B365H,B365D,B365A,BWH,BWD,BWA,IWH,IWD,IWA,PSH,PSD,PSA,WHH,WHD,WHA,VCH,VCD,VCA,Bb1X2,BbMxH,BbAvH,BbMxD,BbAvD,BbMxA,BbAvA,BbOU,BbMx>2.5,BbAv>2.5,BbMx<2.5,BbAv<2.5,BbAH,BbAHh,BbMxAHH,BbAvAHH,BbMxAHA,BbAvAHA,PSCH,PSCD,PSCA
T1,10/08/2018,Ankaragucu,Galatasaray,1,3,A,1,2,A,3,12,1,4,15,9,2,4,2,2,0,0,4.5,4,1.72,4.6,3.9,1.65,4.35,3.85,1.7,4.62,3.97,1.77,4,4,1.7,4.33,4,1.73,34,4.89,4.42,4.09,3.85,1.82,1.71,30,1.7,1.64,2.29,2.2,18,1,1.69,1.64,2.34,2.23,4.39,3.89,1.83
T1,11/08/2018,Fenerbahce,Bursaspor,2,1,H,2,1,H,7,6,2,3,12,15,4,4,3,3,0,0,1.36,5,7.5,1.33,5,7.75,1.4,4.65,6.9,1.38,5.13,8.28,1.35,4.8,7,1.4,4.8,7.5,36,1.44,1.37,5.35,4.76,9.5,7.42,31,1.66,1.6,2.35,2.27,18,-1.5,2.21,2.11,1.78,1.72,1.35,5.46,9.11
T1,11/08/2018,Rizespor,Kasimpasa,2,3,A,1,0,H,8,14,5,6,13,14,3,6,2,1,0,0,2.3,3.4,3,2.4,3.1,2.9,2.35,3.35,2.85,2.44,3.52,2.89,2.3,3.5,2.7,2.38,3.4,2.88,35,2.5,2.33,3.64,3.36,3.05,2.86,30,1.86,1.77,2.11,2,17,0,1.77,1.72,2.19,2.11,2.03,3.85,3.56
T1,11/08/2018,Sivasspor,Alanyaspor,1,0,H,0,0,D,12,9,5,3,13,16,4,7,1,3,0,0,2.25,3.25,3.2,2.15,3.4,3.1,2.15,3.5,3.05,2.18,3.77,3.17,2.1,3.7,2.9,2.2,3.5,3.13,35,2.3,2.18,3.77,3.46,3.3,3.08,32,1.8,1.73,2.17,2.06,18,-0.25,1.98,1.91,1.97,1.91,1.95,3.74,3.95
T1,12/08/2018,Besiktas,Akhisar Belediyespor,2,1,H,2,0,H,13,8,4,4,17,16,12,3,3,6,0,0,1.4,5,6.5,1.33,5.25,7.5,1.43,4.5,6.3,1.42,4.9,7.5,1.4,4.75,6,1.4,4.75,7,36,1.47,1.41,5.25,4.62,8.7,6.69,31,1.64,1.57,2.38,2.32,18,-1,1.7,1.66,2.3,2.2,1.44,4.85,7.49
T1,12/08/2018,Buyuksehyr,Trabzonspor,2,0,H,1,0,H,15,8,5,0,16,15,9,2,2,2,0,0,1.8,3.6,4.5,1.72,3.6,4.5,1.85,3.5,3.95,1.92,3.45,4.38,1.85,3.6,3.7,1.83,3.7,4.1,36,1.97,1.84,3.74,3.5,4.7,4.03,30,1.85,1.77,2.13,2,17,-0.75,2.21,2.11,1.78,1.73,1.86,3.78,4.31
T1,12/08/2018,Goztep,Yeni Malatyaspor,1,3,A,0,1,A,10,6,4,3,11,11,4,0,4,5,2,1,1.95,3.3,4,1.95,3.4,3.6,1.95,3.35,3.75,1.99,3.49,3.98,1.95,3.4,3.5,1.95,3.5,3.75,36,2.1,1.96,3.63,3.33,4,3.72,32,2.02,1.95,1.9,1.82,17,-0.5,2.03,1.97,1.89,1.85,2.11,3.26,3.96
T1,12/08/2018,Konyaspor,Erzurum BB,3,2,H,2,1,H,16,6,9,4,11,14,4,7,1,2,0,0,1.75,3.5,4.75,1.75,3.6,4.25,,,,1.8,3.66,4.71,1.73,3.6,4.33,1.75,3.6,4.75,34,1.89,1.77,3.77,3.51,4.75,4.44,30,2.05,1.98,1.88,1.8,17,-0.75,2.07,2,1.88,1.82,1.75,3.72,5.17
T1,13/08/2018,Kayserispor,Antalyaspor,2,0,H,1,0,H,8,4,5,1,16,8,6,2,0,2,0,1,1.95,3.4,3.9,1.87,3.4,4,1.87,3.4,3.95,1.92,3.63,4.11,1.83,3.6,3.75,1.91,3.4,4.1,35,2.03,1.91,3.63,3.4,4.13,3.9,30,2.16,2.05,1.81,1.74,16,-0.5,1.96,1.91,1.96,1.91,1.8,3.48,5.25
T1,17/08/2018,Trabzonspor,Sivasspor,3,1,H,3,1,H,10,12,8,3,12,19,8,5,1,4,0,0,1.75,3.75,4.5,1.83,3.4,4.1,1.8,3.5,4.2,1.82,3.63,4.81,1.8,3.6,3.9,1.8,3.75,4.2,39,1.89,1.8,3.83,3.57,4.84,4.36,36,1.82,1.76,2.11,2.03,18,-0.75,2.09,2.04,1.85,1.79,1.82,3.7,4.68
T1,18/08/2018,Antalyaspor,Konyaspor,3,3,D,1,2,A,12,10,9,4,17,19,7,3,1,5,0,1,2.87,3.1,2.54,2.65,3.1,2.65,2.7,3.2,2.55,2.81,3.36,2.58,2.62,3.25,2.5,2.75,3.3,2.55,39,2.87,2.71,3.49,3.21,2.67,2.55,36,2.13,2.04,1.84,1.75,19,0,2.03,1.95,1.9,1.85,3.02,3.49,2.4
T1,18/08/2018,Bursaspor,Kayserispor,0,0,D,0,0,D,9,4,2,0,11,12,6,4,2,2,0,0,2.5,3.2,2.87,2.3,3.2,3,2.5,3.05,2.85,2.6,3.1,3,2.45,3.1,2.8,2.45,3.25,2.88,39,2.61,2.46,3.38,3.1,3.1,2.89,36,2.22,2.14,1.77,1.68,19,0,1.83,1.77,2.2,2.06,2.53,3.26,3.01
T1,18/08/2018,Yeni Malatyaspor,Fenerbahce,1,0,H,0,0,D,14,13,2,4,14,9,2,3,2,0,0,0,5,3.5,1.72,4.4,3.4,1.8,4.2,3.5,1.8,4.61,3.53,1.85,4,3.5,1.8,4.33,3.6,1.8,39,5,4.4,3.7,3.46,1.92,1.8,36,2,1.93,1.94,1.85,18,0.75,1.82,1.77,2.14,2.06,4.9,3.92,1.74
T1,19/08/2018,Akhisar Belediyespor,Rizespor,1,1,D,0,1,A,8,24,3,10,18,14,4,3,0,1,1,0,2.1,3.1,3.75,2.1,3,3.7,2.1,3.2,3.45,2.17,3.3,3.61,2.1,3.25,3.25,2.1,3.3,3.5,38,2.29,2.13,3.49,3.22,3.75,3.4,34,2.19,2.06,1.82,1.73,18,-0.25,1.89,1.83,2.06,1.98,2.12,3.53,3.59
T1,19/08/2018,Alanyaspor,Ankaragucu,0,2,A,0,0,D,19,5,5,4,19,15,6,2,3,6,1,1,2,3.3,3.8,2.05,3.25,3.5,2,3.55,3.3,2.1,3.7,3.43,2,3.6,3.2,2.05,3.6,3.4,38,2.18,2.05,3.78,3.53,3.8,3.31,32,1.69,1.63,2.29,2.22,18,-0.25,1.85,1.8,2.09,2.02,2.06,3.72,3.58
T1,19/08/2018,Erzurum BB,Besiktas,1,3,A,1,0,H,10,10,3,6,11,7,9,9,0,3,0,0,6,3.8,1.57,5.75,3.75,1.57,5.2,3.95,1.57,5.68,4.13,1.61,,,,5.75,4,1.57,38,6,5.34,4.3,3.91,1.65,1.58,34,1.8,1.74,2.17,2.05,20,1,1.86,1.8,2.06,2.01,6.27,4.6,1.53
T1,19/08/2018,Galatasaray,Goztep,1,0,H,1,0,H,11,9,5,2,13,14,6,6,4,2,0,0,1.25,5.5,12,1.25,5.25,11.5,1.22,6,10.5,1.22,6.79,13.95,1.18,6.5,11,1.22,6.25,12,38,1.26,1.21,7.21,6.2,13.95,11.44,32,1.5,1.44,2.85,2.67,18,-1.75,1.9,1.83,2.05,1.98,1.31,5.81,10.5
T1,20/08/2018,Kasimpasa,Buyuksehyr,2,1,H,0,0,D,13,15,3,5,18,16,5,2,0,3,0,0,4.2,3.75,1.8,4.25,3.4,1.83,4.1,3.65,1.77,4.38,3.81,1.82,4,3.7,1.75,4.3,3.7,1.8,38,4.46,4.15,3.9,3.67,1.89,1.78,34,1.82,1.73,2.12,2.05,18,0.75,1.86,1.79,2.09,2.02,4.18,3.81,1.88
T1,24/08/2018,Rizespor,Erzurum BB,0,0,D,0,0,D,9,11,2,3,9,20,4,7,1,1,0,0,1.64,3.6,5.75,1.62,3.75,5,1.67,3.9,4.45,1.68,4.18,5.04,,,,1.67,4,4.75,35,1.76,1.67,4.29,3.94,5.75,4.62,29,1.71,1.62,2.39,2.25,19,-1,2.28,2.17,1.72,1.69,1.7,4.05,5.06
T1,25/08/2018,Ankaragucu,Trabzonspor,2,2,D,1,1,D,15,9,6,7,11,12,5,9,2,2,0,0,3.4,3.25,2.14,3.2,3.2,2.2,3,3.4,2.2,3.18,3.52,2.26,2.88,3.5,2.2,3,3.4,2.3,37,3.4,3.11,3.64,3.41,2.34,2.2,33,1.78,1.71,2.2,2.09,18,0.25,1.95,1.87,2.02,1.94,2.67,3.46,2.7
T1,25/08/2018,Goztep,Fenerbahce,1,0,H,0,0,D,5,9,1,1,16,16,4,5,2,1,0,0,4.75,3.5,1.75,4.75,3.5,1.7,4.25,3.55,1.77,4.73,3.53,1.83,4,3.4,1.83,4.3,3.5,1.85,37,5.14,4.41,3.67,3.48,1.92,1.8,34,1.85,1.78,2.07,1.99,17,0.75,1.84,1.79,2.09,2.03,3.78,3.62,2.03
T1,25/08/2018,Kayserispor,Yeni Malatyaspor,0,0,D,0,0,D,13,6,5,2,15,13,4,6,2,1,0,0,2.04,3.1,4,2.1,3.1,3.6,2.05,3.15,3.7,2.12,3.26,3.84,2,3.2,3.6,2.05,3.2,3.9,35,2.2,2.06,3.4,3.19,4,3.69,30,2.31,2.23,1.69,1.63,17,-0.5,2.12,2.05,1.85,1.78,2.42,3.24,3.23
T1,26/08/2018,Besiktas,Antalyaspor,2,3,A,1,3,A,28,7,10,5,15,19,12,1,2,7,0,0,1.2,6.5,13,1.22,6,11,1.2,6,12.5,1.21,6.72,15.55,1.2,6,11,1.22,6.5,12,37,1.27,1.21,7.03,6.17,15.55,11.84,31,1.5,1.44,2.75,2.65,18,-2,2.23,2.11,1.85,1.73,1.24,6.65,12.85
T1,26/08/2018,Konyaspor,Bursaspor,1,1,D,1,1,D,16,12,6,4,18,14,11,6,2,3,0,0,1.8,3.4,4.75,1.87,3.25,4.2,1.8,3.5,4.2,1.84,3.79,4.24,1.75,3.7,4,1.83,3.5,4.3,37,1.95,1.84,3.83,3.51,4.75,4.13,34,2.05,1.99,1.87,1.79,17,-0.5,1.88,1.84,2.05,1.99,1.95,3.57,4.12
T1,26/08/2018,Sivasspor,Kasimpasa,0,3,A,0,1,A,31,9,3,6,8,9,7,2,0,3,0,0,1.95,3.3,4,2.05,3.25,3.5,1.97,3.6,3.4,2.02,3.77,3.58,1.95,3.7,3.25,2,3.5,3.6,37,2.11,1.98,3.79,3.55,4,3.49,32,1.67,1.61,2.33,2.25,17,-0.5,2.04,1.99,1.89,1.83,2.23,3.71,3.16
T1,27/08/2018,Buyuksehyr,Akhisar Belediyespor,3,1,H,1,1,D,19,9,6,2,9,14,6,2,2,4,0,0,1.44,4.5,6.5,1.36,4.4,8.25,1.45,4,7,1.41,4.53,9.17,1.44,4.33,6,1.44,4.5,7,37,1.47,1.41,4.79,4.38,9.17,7.17,31,1.69,1.63,2.29,2.2,18,-1.25,2.02,1.95,1.92,1.86,1.45,4.56,8.13
T1,27/08/2018,Galatasaray,Alanyaspor,6,0,H,1,0,H,17,4,9,1,12,7,4,1,0,1,0,0,1.25,5.75,11,1.22,5.75,12,1.27,5.6,8.9,1.25,6.03,13.28,1.25,5.8,8.5,1.25,6,10.5,36,1.3,1.25,6.57,5.82,14,10.3,30,1.45,1.4,3,2.81,18,-1.75,2.03,1.95,1.94,1.86,1.33,5.45,10.58
T1,31/08/2018,Yeni Malatyaspor,Konyaspor,0,1,A,0,1,A,11,6,3,4,9,23,3,1,2,4,0,0,2.2,3.2,3.5,2.25,3.1,3.2,2.2,3.1,3.25,2.32,3.2,3.44,2.25,3.25,3.25,2.25,3.2,3.3,38,2.39,2.25,3.33,3.14,3.5,3.3,33,2.29,2.2,1.72,1.64,21,-0.25,1.99,1.92,1.95,1.9,2.38,3.14,3.39
T1,01/09/2018,Akhisar Belediyespor,Sivasspor,1,1,D,0,0,D,22,11,6,4,19,17,5,1,1,3,0,0,2,3.5,3.6,2.05,3.4,3.4,2,3.5,3.35,2.08,3.61,3.53,2.05,3.6,3.4,2.1,3.5,3.4,45,2.2,2.05,3.74,3.52,3.65,3.41,40,1.79,1.73,2.22,2.1,26,-0.25,1.86,1.8,2.11,2.05,2.84,3.57,2.5
T1,01/09/2018,Alanyaspor,Goztep,1,0,H,0,0,D,9,10,2,2,16,12,5,8,2,2,0,0,2.45,3.3,2.8,2.4,3.4,2.7,2.45,3.4,2.65,2.52,3.54,2.78,2.5,3.6,2.62,2.55,3.4,2.7,36,2.65,2.49,3.62,3.42,2.82,2.68,33,1.76,1.7,2.2,2.11,19,-0.25,2.25,2.16,1.75,1.69,2.47,3.49,2.92
T1,01/09/2018,Fenerbahce,Kayserispor,2,3,A,1,0,H,15,20,4,11,11,12,4,4,4,2,0,1,1.44,4.33,7,1.42,4.33,7,1.43,4.3,6.7,1.42,4.48,8.83,1.44,4.4,7,1.44,4.4,7,45,1.49,1.43,4.82,4.37,8.83,7.39,38,1.77,1.71,2.21,2.12,24,-1.25,2.09,2.02,1.88,1.83,1.51,4.35,7.15
T1,01/09/2018,Trabzonspor,Galatasaray,4,0,H,3,0,H,13,8,6,0,11,7,1,1,2,1,0,1,3.5,3.6,2,3.1,3.5,2.1,3.15,3.6,2.05,3.3,3.69,2.15,3.2,3.7,2.1,3.2,3.7,2.1,37,3.5,3.2,3.84,3.58,2.22,2.09,32,1.62,1.56,2.46,2.35,20,0.25,2.05,1.98,1.88,1.84,2.99,3.82,2.29
T1,02/09/2018,Antalyaspor,Rizespor,2,1,H,0,1,A,13,6,4,2,12,13,5,5,3,3,1,1,2.4,3.3,2.87,2.3,3.4,2.85,2.35,3.4,2.75,2.44,3.53,2.89,2.4,3.5,2.8,2.38,3.5,2.8,36,2.48,2.37,3.7,3.4,2.97,2.8,32,1.78,1.71,2.21,2.09,19,-0.25,2.12,2.07,1.82,1.76,2.32,3.55,3.13
T1,02/09/2018,Bursaspor,Besiktas,1,1,D,0,0,D,9,11,3,4,14,15,4,3,2,2,0,0,5.25,4,1.6,4.75,3.75,1.65,4.8,3.85,1.63,5.2,3.98,1.68,4.75,4,1.67,5,4,1.65,36,5.45,4.92,4.2,3.9,1.72,1.64,31,1.77,1.71,2.18,2.09,19,0.75,2.07,2,1.88,1.82,5.11,4.06,1.69
T1,02/09/2018,Erzurum BB,Buyuksehyr,0,1,A,0,1,A,16,5,3,2,13,11,8,2,3,1,0,0,5.5,4,1.57,5.25,3.9,1.57,5.1,4.15,1.57,5.52,4.38,1.58,,,,5.4,4.2,1.57,36,5.6,5.18,4.51,4.13,1.64,1.57,31,1.65,1.59,2.37,2.28,20,1,1.9,1.85,2.02,1.97,4.01,3.41,2.04
T1,02/09/2018,Kasimpasa,Ankaragucu,2,1,H,1,0,H,10,15,4,7,8,11,5,6,1,3,0,0,1.9,3.6,3.8,1.9,3.5,3.75,1.87,3.7,3.65,1.92,3.84,3.86,1.95,3.8,3.5,1.93,3.75,3.7,37,2.03,1.9,4,3.69,3.95,3.67,31,1.61,1.58,2.44,2.32,18,-0.5,1.98,1.91,1.96,1.91,1.75,4.31,4.34
T1,14/09/2018,Galatasaray,Kasimpasa,4,1,H,0,0,D,15,16,5,6,11,14,4,7,1,2,0,0,1.55,4.33,5.25,1.53,4.25,5.25,1.57,4.35,4.7,1.58,4.53,5.47,1.53,4.33,5.5,1.57,4.5,5,36,1.64,1.56,4.71,4.4,6.5,5.13,30,1.43,1.37,3.1,2.95,24,-1,1.99,1.92,1.95,1.9,1.65,4.2,5.18
T1,15/09/2018,Ankaragucu,Akhisar Belediyespor,1,0,H,1,0,H,7,12,1,4,19,11,2,12,2,3,0,0,2.3,3.3,3,2.35,3.25,2.85,2.25,3.35,2.95,2.32,3.53,3.1,2.38,3.4,2.9,2.38,3.4,2.9,37,2.47,2.31,3.6,3.37,3.15,2.95,36,1.95,1.87,2,1.9,23,-0.25,2.08,2,1.88,1.82,2.28,3.45,3.25
T1,15/09/2018,Besiktas,Yeni Malatyaspor,2,1,H,0,0,D,17,10,6,6,14,15,10,5,3,3,1,0,1.33,5.25,8,1.33,5.25,7.25,1.35,4.85,7.4,1.35,5.19,9.27,1.36,5,8,1.33,5.2,8.5,37,1.39,1.34,5.5,4.98,9.47,8.29,32,1.66,1.59,2.39,2.3,23,-1.5,2.08,2.03,1.85,1.8,1.36,5.13,9.21
T1,15/09/2018,Goztep,Kayserispor,2,0,H,2,0,H,16,9,6,1,11,10,4,1,1,2,0,0,2.2,3.25,3.3,2.25,3.2,3.1,2.25,3.15,3.05,2.37,3.24,3.22,2.3,3.2,3.2,2.3,3.3,3.1,37,2.4,2.27,3.46,3.22,3.3,3.13,37,2.08,2.02,1.84,1.77,23,-0.25,2.02,1.97,1.9,1.85,2.33,3.31,3.28
T1,16/09/2018,Buyuksehyr,Antalyaspor,4,0,H,1,0,H,15,8,6,3,11,8,4,2,0,2,0,0,1.4,4.5,7.5,1.42,4.5,6.5,1.42,4.65,6.3,1.41,5.02,7.29,1.44,5,6,1.4,4.8,7,36,1.47,1.41,5.15,4.65,7.5,6.6,32,1.56,1.51,2.56,2.47,21,-1.25,1.98,1.92,1.95,1.9,1.37,5.43,8.17
T1,16/09/2018,Konyaspor,Fenerbahce,0,1,A,0,0,D,15,10,6,2,10,11,6,6,3,1,0,0,3.5,3.5,2.04,3.4,3.4,2.05,3.4,3.45,2,3.53,3.63,2.08,3.4,3.6,2.05,3.6,3.5,2.05,36,3.75,3.44,3.72,3.47,2.16,2.04,35,1.87,1.8,2.09,1.99,20,0.5,1.86,1.8,2.08,2.03,3.07,3.54,2.34
T1,16/09/2018,Rizespor,Bursaspor,1,1,D,0,1,A,12,9,5,4,25,19,3,3,0,2,0,0,2,3.4,3.75,2.05,3.3,3.5,2.1,3.4,3.25,2.18,3.54,3.36,2.15,3.5,3.25,2.1,3.5,3.4,36,2.28,2.11,3.68,3.45,3.75,3.27,35,1.84,1.77,2.1,2.02,21,-0.25,1.89,1.84,2.05,1.99,2.31,3.49,3.16
T1,16/09/2018,Sivasspor,Erzurum BB,2,2,D,1,1,D,20,11,7,5,12,10,3,2,0,2,0,0,1.72,3.75,4.5,1.72,3.75,4.33,1.73,3.75,4.3,1.74,3.94,4.63,1.75,4,4.2,1.8,3.8,4.2,36,1.84,1.75,4,3.73,4.65,4.3,35,1.77,1.7,2.2,2.11,21,-0.75,2.08,2,1.88,1.83,1.81,3.85,4.46
T1,17/09/2018,Alanyaspor,Trabzonspor,1,0,H,1,0,H,16,11,7,5,19,9,4,6,1,2,0,0,3,3.5,2.25,2.85,3.5,2.25,3,3.5,2.15,3.12,3.72,2.21,2.9,3.7,2.25,3,3.6,2.25,36,3.19,2.99,3.75,3.53,2.33,2.21,30,1.71,1.66,2.26,2.17,21,0.25,1.93,1.87,2.02,1.94,3.13,3.77,2.21
T1,21/09/2018,Bursaspor,Buyuksehyr,0,0,D,0,0,D,13,7,4,1,10,14,1,4,1,4,0,0,3.4,3.3,2.14,3.4,3.1,2.15,3.4,3.15,2.15,3.63,3.23,2.21,3.4,3.2,2.2,3.4,3.3,2.15,37,3.75,3.43,3.3,3.19,2.23,2.17,33,2.26,2.14,1.77,1.68,16,0.25,2,1.96,1.92,1.87,3.49,3.25,2.26
T1,21/09/2018,Erzurum BB,Ankaragucu,0,1,A,0,0,D,25,3,8,1,14,8,12,2,3,2,0,1,2,3.6,3.5,2,3.3,3.6,2,3.45,3.4,2.09,3.58,3.6,2.1,3.5,3.4,2.05,3.6,3.4,35,2.18,2.08,3.7,3.49,3.6,3.36,33,1.92,1.82,2.02,1.95,18,-0.25,1.85,1.8,2.11,2.04,2.01,3.49,3.95
T1,22/09/2018,Kayserispor,Konyaspor,0,2,A,0,2,A,17,8,4,5,18,7,6,5,1,2,0,0,2.3,3.2,3.2,2.35,3,3.1,2.25,3.05,3.2,2.34,3.13,3.46,2.4,3.1,3.1,2.38,3.2,3.13,35,2.46,2.32,3.2,3.05,3.48,3.21,33,2.33,2.26,1.63,1.6,19,-0.25,2.05,2,1.91,1.83,2.44,3.19,3.19
T1,22/09/2018,Trabzonspor,Goztep,1,2,A,0,2,A,13,5,5,2,12,12,4,2,2,4,0,0,1.6,4,5.25,1.6,3.9,5,1.67,3.85,4.6,1.68,3.86,5.28,1.7,3.9,4.6,1.67,4,4.8,35,1.71,1.66,4.05,3.84,5.41,4.86,33,1.73,1.67,2.25,2.14,19,-1,2.26,2.16,1.75,1.68,1.77,3.86,4.73
T1,22/09/2018,Yeni Malatyaspor,Rizespor,1,0,H,1,0,H,23,7,9,1,17,15,10,3,2,3,0,1,1.83,3.6,4.2,1.85,3.5,3.9,1.87,3.4,3.95,1.95,3.46,4.27,1.95,3.4,4,1.9,3.5,4,35,1.95,1.9,3.6,3.42,4.27,4,36,2.05,1.97,1.87,1.81,19,-0.5,1.96,1.91,1.97,1.92,2.46,3.26,3.09
T1,23/09/2018,Akhisar Belediyespor,Galatasaray,3,0,H,0,0,D,10,12,5,3,15,13,1,6,4,3,0,0,5,3.6,1.7,4.2,3.7,1.75,4.25,3.9,1.7,4.88,3.95,1.71,4.2,3.8,1.78,4.33,3.9,1.75,33,5,4.43,4.11,3.86,1.8,1.71,31,1.57,1.55,2.45,2.38,18,0.75,1.96,1.9,1.99,1.93,5.21,4.14,1.66
T1,23/09/2018,Antalyaspor,Sivasspor,2,1,H,2,1,H,6,15,3,2,14,7,6,4,4,1,0,0,2.4,3.4,2.8,2.35,3.25,2.85,2.3,3.5,2.8,2.39,3.61,2.88,2.4,3.6,2.75,2.4,3.6,2.75,33,2.4,2.34,3.66,3.5,2.92,2.79,32,1.65,1.6,2.35,2.25,18,-0.25,2.13,2.06,1.82,1.78,2.62,3.67,2.61
T1,23/09/2018,Kasimpasa,Alanyaspor,1,2,A,0,1,A,24,8,6,3,14,17,7,0,2,3,0,0,1.7,3.75,4.75,1.72,3.7,4.4,1.7,4,4.15,1.72,4.08,4.56,1.78,4,4,1.75,3.9,4.3,34,1.78,1.73,4.2,3.92,4.75,4.24,33,1.52,1.48,2.7,2.56,19,-1,2.33,2.23,1.69,1.64,1.79,3.93,4.44
T1,24/09/2018,Fenerbahce,Besiktas,1,1,D,0,1,A,13,11,7,4,13,16,2,7,1,5,0,1,2.4,3.4,2.87,2.3,3.3,2.9,2.4,3.35,2.75,2.49,3.43,2.85,2.5,3.4,2.75,2.45,3.4,2.8,33,2.5,2.41,3.47,3.35,2.95,2.8,31,1.84,1.78,2.08,1.99,18,-0.25,2.23,2.12,1.79,1.72,3.2,3.41,2.35
T1,28/09/2018,Galatasaray,Erzurum BB,1,0,H,0,0,D,12,10,7,1,12,12,10,6,3,2,0,0,1.28,5.5,10,1.28,5.5,8.75,1.3,5,9,1.33,5.51,9.19,1.29,5.5,9,1.3,5.4,9.5,37,1.35,1.31,5.9,5.33,11.7,9.19,32,1.59,1.54,1.65,1.54,20,-1.5,1.98,1.92,1.98,1.92,1.28,5.98,10.87
T1,29/09/2018,Alanyaspor,Akhisar Belediyespor,2,1,H,1,0,H,5,6,3,1,17,9,2,8,4,2,1,0,1.95,3.5,3.8,1.95,3.6,3.5,1.9,3.55,3.65,1.94,3.76,3.88,2,3.6,3.5,1.95,3.6,3.7,36,2.02,1.95,3.8,3.56,3.9,3.66,33,1.8,1.74,2.15,2.04,18,-0.5,2.03,1.96,1.95,1.88,2.26,3.44,3.35
T1,29/09/2018,Besiktas,Kayserispor,2,0,H,1,0,H,12,9,4,3,10,11,6,3,1,0,0,0,1.3,5.25,10,1.3,5,9.25,1.35,4.8,7.6,1.33,4.86,10.99,1.33,5,9,1.3,5.25,10,36,1.36,1.31,5.5,4.99,12.41,9.56,32,1.7,1.65,2.3,2.18,20,-1.5,2.04,1.98,1.91,1.86,1.3,5.64,10.3
T1,29/09/2018,Trabzonspor,Kasimpasa,4,2,H,1,2,A,19,16,7,9,14,11,7,6,2,3,0,0,1.83,4,3.75,1.87,3.8,3.6,1.85,3.95,3.5,1.93,4.02,3.77,1.95,3.9,3.5,1.87,4,3.6,36,1.95,1.88,4.25,3.87,3.84,3.61,32,1.4,1.36,3.2,3,18,-0.5,1.92,1.88,2.02,1.96,1.74,4.46,4.26
T1,30/09/2018,Goztep,Konyaspor,3,2,H,2,0,H,13,10,9,2,11,15,7,6,3,4,0,0,2.37,3.25,3,2.25,3.3,3,2.3,3.1,3.05,2.39,3.19,3.27,2.4,3.2,3,2.38,3.25,3,36,2.5,2.37,3.3,3.16,3.3,3.04,33,2.25,2.14,1.75,1.68,19,-0.25,2.1,2.04,1.85,1.8,2.24,3.37,3.46
T1,30/09/2018,Rizespor,Fenerbahce,3,0,H,3,0,H,9,17,4,5,11,15,5,7,1,1,0,0,3.8,3.6,1.9,3.75,3.3,1.95,3.8,3.4,1.9,4.1,3.44,1.98,3.7,3.5,2,3.8,3.6,1.93,36,4.1,3.81,3.65,3.43,2,1.94,33,1.85,1.79,2.1,2,18,0.5,1.95,1.9,1.99,1.94,4.15,3.66,1.93
T1,30/09/2018,Sivasspor,Bursaspor,2,0,H,1,0,H,9,7,3,3,23,14,5,6,2,4,0,0,2,3.4,3.7,2,3.4,3.5,2.05,3.35,3.45,2.12,3.48,3.59,2.1,3.5,3.4,2.05,3.5,3.5,36,2.15,2.07,3.65,3.4,3.75,3.44,34,1.95,1.88,1.97,1.89,18,-0.5,2.13,2.07,1.82,1.77,2.29,3.5,3.23
T1,01/10/2018,Ankaragucu,Antalyaspor,0,1,A,0,1,A,14,11,3,6,10,18,5,8,2,5,0,0,2.1,3.4,3.4,2.05,3.4,3.3,2.15,3.35,3.2,2.22,3.5,3.32,2.2,3.4,3.25,2.15,3.4,3.3,36,2.28,2.16,3.6,3.37,3.4,3.22,33,1.9,1.83,2.05,1.95,19,-0.25,1.92,1.87,2,1.95,2.24,3.36,3.49
T1,01/10/2018,Buyuksehyr,Yeni Malatyaspor,1,1,D,0,1,A,14,11,6,3,11,9,12,2,2,2,0,0,1.33,5.25,8,1.35,4.75,8,1.35,4.8,7.6,1.32,4.97,10.56,1.35,5,8.5,1.33,4.8,9.5,36,1.4,1.34,5.25,4.8,10.56,8.74,30,1.85,1.79,2.1,1.98,20,-1.5,2.16,2.07,1.82,1.77,1.59,3.65,7.38
T1,05/10/2018,Kasimpasa,Goztep,3,1,H,1,0,H,19,12,5,5,16,9,6,5,1,0,0,0,2.25,3.6,2.9,2.25,3.3,3,2.2,3.5,2.9,2.31,3.66,3.07,2.3,3.6,2.88,2.3,3.6,2.88,37,2.37,2.25,3.72,3.52,3.21,2.97,33,1.66,1.6,2.45,2.28,18,-0.25,2.05,1.97,1.9,1.85,2.3,3.55,3.17
T1,06/10/2018,Antalyaspor,Galatasaray,0,1,A,0,0,D,5,15,0,7,15,14,5,7,1,3,0,0,5,3.8,1.66,4.5,3.9,1.67,4.2,3.5,1.8,4.8,3.8,1.75,4.33,3.9,1.75,4.5,4,1.7,37,5,4.49,4.1,3.79,1.8,1.72,33,1.7,1.63,2.35,2.22,18,1,1.7,1.62,2.45,2.27,4.72,3.72,1.81
T1,06/10/2018,Bursaspor,Ankaragucu,1,0,H,1,0,H,13,7,5,2,19,11,10,5,1,0,0,0,2.04,3.4,3.6,1.91,3.3,3.9,2.1,3.2,3.4,1.98,3.51,4.01,2,3.4,3.8,1.95,3.4,3.9,37,2.1,1.99,3.55,3.33,4.15,3.79,34,2.2,2.11,1.75,1.7,16,-0.5,2.03,1.98,1.9,1.86,2.28,3.36,3.38
T1,06/10/2018,Erzurum BB,Alanyaspor,1,0,H,0,0,D,13,6,4,1,10,15,6,5,2,2,0,0,2.3,3.25,3.1,2.3,3.25,2.95,2.3,3.3,2.9,2.33,3.51,3.09,2.3,3.5,2.9,2.3,3.5,2.9,37,2.4,2.28,3.55,3.37,3.15,2.98,34,1.9,1.84,2.02,1.94,18,-0.25,2.08,1.99,1.91,1.83,2.08,3.78,3.49
T1,06/10/2018,Kayserispor,Rizespor,2,2,D,0,1,A,14,6,4,2,11,14,5,6,1,3,1,1,2.14,3.3,3.4,2.2,3.2,3.2,2.3,3.2,3,2.17,3.56,3.44,2.15,3.5,3.25,2.1,3.4,3.4,37,2.3,2.16,3.56,3.35,3.51,3.27,34,2,1.95,1.93,1.83,17,-0.25,1.9,1.85,2.05,1.97,2.2,3.55,3.38
T1,07/10/2018,Akhisar Belediyespor,Trabzonspor,1,3,A,0,2,A,11,10,4,4,15,16,5,5,1,3,0,0,3.4,3.2,2.2,3.2,3.2,2.2,3.1,3.3,2.2,3.09,3.79,2.22,2.9,3.7,2.25,3,3.7,2.2,36,3.4,3.02,3.8,3.49,2.3,2.22,33,1.71,1.64,2.35,2.22,17,0,2.31,2.22,1.72,1.66,3.15,3.73,2.24
T1,07/10/2018,Fenerbahce,Buyuksehyr,0,0,D,0,0,D,16,9,4,3,15,16,7,6,5,4,0,0,2.37,3.2,3,2.25,3.4,2.9,2.4,3.2,2.85,2.49,3.32,3,2.45,3.3,2.88,2.38,3.4,2.9,36,2.5,2.39,3.4,3.28,3.12,2.91,34,2.05,1.94,1.9,1.83,17,-0.25,2.13,2.07,1.84,1.77,2.53,3.28,3.03
T1,07/10/2018,Konyaspor,Besiktas,2,2,D,1,0,H,15,7,5,4,18,10,9,4,6,7,0,1,5,3.8,1.64,5,4,1.6,4.5,3.5,1.75,4.88,3.75,1.75,4.5,3.75,1.75,4.6,3.8,1.73,36,5,4.7,4,3.7,1.8,1.71,32,1.85,1.78,2.1,2,17,0.75,1.94,1.89,1.99,1.93,3.73,3.35,2.15
T1,07/10/2018,Yeni Malatyaspor,Sivasspor,4,4,D,1,3,A,23,12,8,5,13,13,5,3,3,4,0,1,2.3,3.3,3.1,2.25,3.3,3,2.3,3.2,3,2.39,3.27,3.2,2.35,3.3,3,2.3,3.3,3.1,36,2.4,2.31,3.4,3.26,3.25,3.06,35,2.15,2.05,1.81,1.74,17,-0.25,2.05,1.99,1.89,1.83,2.5,3.3,3.06
T1,19/10/2018,Galatasaray,Bursaspor,1,1,D,0,0,D,10,13,3,3,6,18,1,6,1,5,0,0,1.53,4,6,1.5,4.1,5.75,1.57,3.85,5.6,1.56,4.01,6.85,1.57,4,5.8,1.53,4.1,6,38,1.61,1.53,4.45,3.99,7.25,6.15,36,1.9,1.84,2.08,1.94,22,-1,2,1.93,2.21,1.88,1.62,4.04,5.83
T1,20/10/2018,Buyuksehyr,Kayserispor,1,0,H,1,0,H,14,7,3,2,15,14,8,4,4,3,0,0,1.44,4.2,7.5,1.45,4.33,6.25,1.46,4.15,6.5,1.41,4.6,8.31,1.44,4.4,7,1.44,4.4,7,36,1.5,1.43,4.61,4.33,8.31,7.09,35,1.86,1.78,2.12,2.01,21,-1,1.79,1.71,2.26,2.14,1.41,4.59,8.7
T1,20/10/2018,Kasimpasa,Akhisar Belediyespor,5,0,H,0,0,D,16,16,6,5,18,16,3,7,1,3,0,0,1.75,3.6,4.5,1.8,3.5,4.2,1.73,3.9,4.1,1.78,4.05,4.42,1.78,4,4,1.75,4.1,4.1,38,1.81,1.76,4.2,3.83,4.5,4.15,32,1.6,1.56,2.6,2.39,17,-0.75,2.04,1.98,1.89,1.85,2.02,3.58,3.88
T1,20/10/2018,Sivasspor,Fenerbahce,0,0,D,0,0,D,17,13,4,4,14,14,3,4,2,1,0,0,3.2,3.4,2.2,3.4,3.4,2.05,3.15,3.4,2.15,3.35,3.48,2.21,3.2,3.4,2.2,3.2,3.4,2.2,38,3.4,3.21,3.65,3.39,2.26,2.17,36,1.83,1.77,2.15,2.02,18,0.25,1.97,1.92,1.96,1.9,3.15,3.54,2.32
T1,21/10/2018,Alanyaspor,Antalyaspor,0,1,A,0,1,A,12,10,0,3,15,14,7,4,3,4,1,0,2,3.5,3.6,1.95,3.5,3.6,1.95,3.55,3.5,2,3.72,3.7,2,3.6,3.5,2,3.6,3.5,36,2.07,1.99,3.72,3.52,3.75,3.52,35,1.81,1.75,2.14,2.03,17,-0.25,1.8,1.74,2.18,2.09,2.13,3.47,3.66
T1,21/10/2018,Ankaragucu,Yeni Malatyaspor,1,0,H,1,0,H,7,10,3,2,21,19,6,6,4,4,0,0,2.54,3.1,2.87,2.4,3.25,2.8,2.55,3.05,2.75,2.71,3.2,2.82,2.6,3.2,2.75,2.6,3.2,2.75,36,2.71,2.56,3.25,3.14,3,2.76,35,2.31,2.21,1.8,1.64,17,-0.25,2.29,2.2,1.74,1.68,3.08,3.18,2.55
T1,21/10/2018,Goztep,Besiktas,2,0,H,0,0,D,10,10,5,2,18,14,5,6,3,2,0,0,3.5,3.4,2.04,3.4,3.4,2.05,3.4,3.35,2.05,3.65,3.41,2.12,3.4,3.3,2.15,3.4,3.5,2.1,37,3.7,3.43,3.6,3.39,2.15,2.07,35,1.87,1.81,2.1,1.97,17,0.25,2.07,2.01,1.86,1.81,3.87,3.56,2.03
T1,21/10/2018,Rizespor,Konyaspor,1,1,D,1,0,H,9,14,3,4,20,21,3,7,2,0,1,0,3.2,3.2,2.25,3.2,3.2,2.2,3,3.25,2.25,3.09,3.49,2.34,2.9,3.5,2.35,3,3.4,2.3,36,3.2,3.02,3.5,3.3,2.4,2.3,34,2.02,1.96,1.9,1.81,17,0.25,1.86,1.82,2.06,2,3.17,3.26,2.45
T1,22/10/2018,Trabzonspor,Erzurum BB,0,0,D,0,0,D,13,10,1,4,10,14,7,5,1,3,0,0,1.44,4.33,7,1.44,4.25,6.75,1.45,4.45,6.1,1.46,4.67,6.78,1.47,4.75,6,1.45,4.6,6.5,37,1.49,1.44,4.9,4.44,7,6.34,32,1.62,1.58,2.45,2.3,20,-1,1.81,1.75,2.16,2.08,1.48,4.64,6.83
T1,26/10/2018,Bursaspor,Alanyaspor,2,0,H,2,0,H,12,7,7,0,17,17,2,6,1,0,0,,1.8,3.5,4.5,1.85,3.5,4,1.77,3.35,4.65,1.8,3.6,4.95,1.8,3.5,4.6,1.8,3.4,4.75,35,1.86,1.81,3.6,3.44,5.02,4.59,32,2.33,2.24,1.7,1.63,16,-0.5,1.85,1.8,2.12,2.06,1.84,3.42,5.03
T1,27/10/2018,Antalyaspor,Trabzonspor,1,1,D,1,1,D,12,11,7,4,14,15,5,3,2,1,0,0,3.2,3.4,2.2,3.1,3.4,2.15,3.1,3.5,2.15,3.11,3.82,2.2,3.2,3.7,2.1,3.25,3.5,2.15,36,3.3,3.12,3.82,3.52,2.22,2.15,34,1.86,1.78,2.1,2,17,0.25,2.02,1.95,1.92,1.87,3.37,4,2.06
T1,27/10/2018,Erzurum BB,Kasimpasa,1,1,D,1,0,H,14,18,5,7,18,9,6,8,4,1,1,0,2.7,3.4,2.5,2.7,3.4,2.4,2.6,3.4,2.5,2.77,3.37,2.65,2.62,3.4,2.55,2.63,3.6,2.5,35,2.85,2.65,3.6,3.38,2.65,2.52,31,1.75,1.66,2.25,2.18,17,0.25,1.72,1.68,2.29,2.2,2.25,3.63,3.2
T1,27/10/2018,Konyaspor,Buyuksehyr,0,1,A,0,0,D,9,7,1,4,11,15,3,2,1,0,0,0,2.9,3.1,2.5,3,3.1,2.35,2.9,3,2.5,3.01,3.11,2.62,2.9,3.1,2.55,2.88,3.13,2.55,36,3.05,2.9,3.2,3.08,2.62,2.51,32,2.4,2.25,1.65,1.61,17,0,2.1,2.04,1.86,1.79,2.88,3.12,2.76
T1,28/10/2018,Fenerbahce,Ankaragucu,1,3,A,0,1,A,13,17,3,8,16,21,5,7,4,5,1,0,1.44,4.5,6.5,1.4,4.33,7.5,1.45,4.15,6.6,1.43,4.22,8.84,1.47,4.2,7,1.44,4.4,7,35,1.5,1.43,4.8,4.31,9.02,7.27,33,1.81,1.76,2.16,2.03,19,-1,1.8,1.72,2.26,2.12,1.47,4.33,7.67
T1,28/10/2018,Kayserispor,Sivasspor,2,0,H,0,0,D,10,14,4,2,13,14,3,5,4,6,0,1,2.37,3.3,2.9,2.35,3.2,2.9,2.35,3.2,2.9,2.46,3.3,3.06,2.45,3.3,2.88,2.45,3.3,2.88,35,2.5,2.41,3.4,3.25,3.1,2.89,34,2.1,1.99,1.85,1.79,17,-0.25,2.17,2.08,1.8,1.75,2.34,3.43,3.21
T1,28/10/2018,Yeni Malatyaspor,Galatasaray,2,0,H,1,0,H,12,14,5,2,16,13,5,5,2,1,0,0,3.6,3.3,2.04,3.75,3.3,1.95,3.45,3.15,2.1,3.75,3.14,2.21,3.4,3.25,2.2,3.4,3.3,2.15,36,3.79,3.49,3.35,3.19,2.23,2.12,35,2.2,2.06,1.8,1.74,16,0.25,2.04,1.98,1.91,1.84,2.99,3.35,2.52
T1,29/10/2018,Akhisar Belediyespor,Goztep,1,0,H,1,0,H,11,13,4,3,18,14,3,3,3,4,0,0,2.9,3.25,2.4,2.5,3.3,2.65,2.75,3.3,2.45,2.84,3.46,2.53,2.8,3.4,2.45,2.8,3.4,2.45,36,2.9,2.76,3.5,3.31,2.65,2.46,33,1.95,1.86,2,1.91,16,0.25,1.77,1.72,2.21,2.12,2.66,3.45,2.74
T1,29/10/2018,Besiktas,Rizespor,4,1,H,2,0,H,26,5,12,2,12,12,7,2,3,2,0,2,1.2,6,15,1.17,6.5,14.5,1.13,7.3,20,1.17,6.75,18.88,1.2,6.5,13,1.2,6.25,15,33,1.22,1.17,8.25,6.59,25,16.86,29,1.75,1.66,2.25,2.16,15,-2,2.28,2.2,1.77,1.69,1.33,4.86,8.92
T1,02/11/2018,Galatasaray,Fenerbahce,2,2,D,1,0,H,16,17,3,5,9,16,6,4,1,4,0,0,2,3.4,3.75,2,3.3,4,2.05,3.15,3.65,2.12,3.28,3.9,2.1,3.25,3.6,2.05,3.3,3.75,34,2.15,2.05,3.4,3.24,4.1,3.77,31,2.26,2.18,1.76,1.65,15,-0.25,1.81,1.76,2.14,2.07,2.06,3.23,4.22
T1,03/11/2018,Akhisar Belediyespor,Erzurum BB,1,1,D,1,1,D,10,5,5,1,13,16,3,2,2,1,0,0,1.9,3.3,4.2,1.91,3.4,3.8,1.93,3.35,3.75,2,3.55,3.99,2,3.5,3.7,1.95,3.5,3.8,37,2.05,1.96,3.6,3.41,4.2,3.79,34,2.05,1.95,1.91,1.83,17,-0.25,1.72,1.69,2.25,2.17,2.05,3.39,4.01
T1,03/11/2018,Buyuksehyr,Besiktas,1,0,H,1,0,H,9,15,3,3,14,14,3,9,2,2,0,0,2.3,3.25,3.1,2.3,3.2,3,2.25,3.2,3.05,2.36,3.36,3.18,2.35,3.3,3,2.3,3.3,3.1,36,2.4,2.29,3.4,3.26,3.3,3.1,34,2.1,2.02,1.85,1.77,18,-0.25,2.05,1.98,1.9,1.84,2.55,3.19,3.08
T1,03/11/2018,Kasimpasa,Antalyaspor,1,2,A,1,1,D,19,9,6,6,12,14,7,3,2,4,0,0,1.85,3.4,4.33,1.87,3.6,3.75,1.83,3.75,3.8,1.86,3.82,4.24,1.95,3.7,3.6,1.9,3.7,3.8,37,1.95,1.87,4,3.68,4.33,3.85,33,1.6,1.53,2.6,2.44,17,-0.5,1.93,1.87,2.04,1.96,1.73,4.1,4.67
T1,04/11/2018,Alanyaspor,Yeni Malatyaspor,0,1,A,0,1,A,17,2,6,1,20,20,10,0,2,3,0,0,2.7,3.1,2.7,2.65,3,2.7,2.65,3.05,2.65,2.79,3.18,2.75,2.75,3.2,2.62,2.75,3.2,2.6,36,2.85,2.69,3.25,3.1,2.8,2.66,33,2.3,2.2,1.7,1.64,18,0,2.02,1.94,1.95,1.88,2.33,3.32,3.32
T1,04/11/2018,Ankaragucu,Kayserispor,3,1,H,2,0,H,10,11,5,2,18,18,3,6,0,4,0,1,2.3,3.1,3.3,2.15,3.2,3.3,2.3,3.05,3.1,2.43,3.18,3.21,2.4,3.2,3,2.38,3.2,3.1,35,2.45,2.32,3.25,3.14,3.35,3.12,32,2.3,2.17,1.72,1.66,18,-0.25,2.09,2.03,1.87,1.8,2.31,3.39,3.29
T1,04/11/2018,Trabzonspor,Bursaspor,1,1,D,1,0,H,17,14,6,6,16,16,3,6,2,2,0,0,1.7,3.6,5,1.72,3.6,4.5,1.7,3.7,4.5,1.75,3.73,4.89,1.78,3.7,4.4,1.75,3.7,4.6,36,1.8,1.73,3.95,3.68,5,4.58,34,1.89,1.8,2.1,1.98,18,-0.75,2.04,1.96,1.93,1.86,1.79,3.61,5.03
T1,05/11/2018,Goztep,Rizespor,2,0,H,1,0,H,12,13,6,2,11,8,6,13,0,1,0,0,1.7,3.6,5,1.7,3.8,4.4,1.67,3.7,4.7,1.68,4.04,4.98,1.7,3.9,4.6,1.7,3.8,4.8,36,1.77,1.68,4.04,3.79,5,4.67,32,1.93,1.84,2,1.93,17,-0.75,1.96,1.9,1.99,1.92,1.77,3.84,4.75
T1,05/11/2018,Sivasspor,Konyaspor,0,0,D,0,0,D,17,10,3,2,23,13,12,3,2,4,0,1,2.37,3.1,3.1,2.4,3.2,2.85,2.45,3.1,2.85,2.58,3.11,3.06,2.45,3.25,2.9,2.45,3.3,2.88,35,2.58,2.45,3.35,3.14,3.1,2.9,31,2.15,2.05,1.8,1.74,16,0,1.82,1.77,2.12,2.07,2.68,3.22,2.88
T1,09/11/2018,Yeni Malatyaspor,Trabzonspor,5,0,H,2,0,H,10,15,6,5,14,6,2,2,1,1,0,0,3,3.3,2.35,2.8,3.2,2.5,3,3.1,2.35,3.18,3.24,2.46,3,3.25,2.4,3,3.3,2.38,37,3.18,2.98,3.35,3.19,2.6,2.41,36,2.16,2.06,1.83,1.74,19,0.25,1.85,1.78,2.12,2.06,3.39,3.42,2.25
T1,10/11/2018,Erzurum BB,Goztep,2,1,H,1,0,H,7,9,4,3,14,9,2,6,2,2,0,0,2.37,3.2,3.1,2.4,3.2,2.85,2.3,3.15,3.05,2.37,3.35,3.21,2.38,3.3,3,2.38,3.25,3,37,2.5,2.35,3.37,3.22,3.25,3.03,36,2.25,2.12,1.76,1.7,19,0,1.73,1.68,2.29,2.2,2.57,3.24,3
T1,10/11/2018,Kayserispor,Galatasaray,0,3,A,0,1,A,12,11,3,6,13,9,4,3,5,3,1,0,2.37,3.4,2.9,2.45,3.1,2.85,2.35,3.2,2.9,2.47,3.29,3.04,2.45,3.3,2.88,2.4,3.4,2.88,37,2.52,2.41,3.4,3.25,3.1,2.89,35,2.05,1.95,1.91,1.83,19,-0.25,2.16,2.08,1.81,1.76,2.77,3.34,2.7
T1,10/11/2018,Konyaspor,Ankaragucu,2,0,H,0,0,D,15,7,3,2,15,16,3,4,1,2,0,0,1.72,3.4,5.25,1.83,3.4,4.25,1.73,3.5,4.65,1.79,3.7,4.88,1.78,3.6,4.5,1.75,3.5,5,37,1.87,1.77,3.75,3.5,5.25,4.6,36,2.17,2.07,1.81,1.74,19,-0.75,2.1,2.01,1.89,1.82,1.78,3.69,4.93
T1,10/11/2018,Rizespor,Buyuksehyr,1,2,A,0,0,D,6,13,2,4,14,10,4,4,2,1,0,0,4,3.5,1.9,4,3.5,1.83,4.05,3.4,1.87,4.18,3.57,1.93,4,3.5,1.91,4.1,3.5,1.9,37,4.35,4.03,3.65,3.45,1.95,1.89,36,2.1,2.02,1.85,1.77,18,0.75,1.75,1.69,2.23,2.18,4.07,3.59,1.97
T1,11/11/2018,Antalyaspor,Akhisar Belediyespor,1,2,A,0,0,D,17,5,6,3,10,17,8,7,3,1,0,0,1.95,3.5,3.75,1.95,3.4,3.7,1.9,3.45,3.8,1.98,3.51,4.01,2,3.5,3.7,1.95,3.5,3.8,37,2,1.95,3.7,3.45,4.05,3.77,34,1.9,1.83,2.05,1.95,17,-0.25,1.73,1.68,2.29,2.2,2,3.46,4.09
T1,11/11/2018,Besiktas,Sivasspor,1,2,A,1,1,D,9,10,2,3,14,14,6,5,4,3,0,0,1.36,4.75,8,1.35,4.75,7.75,1.4,4.6,6.9,1.39,4.79,8.22,1.42,4.75,7,1.4,4.8,7.5,37,1.45,1.38,5,4.67,8.22,7.53,33,1.67,1.61,2.4,2.26,19,-1.5,2.25,2.15,1.77,1.71,1.35,5.37,8.75
T1,11/11/2018,Bursaspor,Kasimpasa,1,2,A,1,1,D,24,10,4,4,17,14,6,6,3,1,0,0,2,3.5,3.6,2.05,3.4,3.3,2,3.4,3.45,2.1,3.47,3.66,2.1,3.5,3.4,2,3.5,3.6,37,2.12,2.04,3.6,3.43,3.7,3.46,34,1.9,1.84,2.05,1.94,18,-0.25,1.84,1.77,2.16,2.06,2.28,3.59,3.17
T1,11/11/2018,Fenerbahce,Alanyaspor,2,0,H,2,0,H,12,10,5,3,11,17,3,6,2,2,0,0,1.44,4.33,7,1.45,4.25,6.5,1.42,4.45,6.5,1.43,4.73,7.3,1.44,4.8,6.5,1.44,4.6,7,37,1.5,1.43,4.9,4.48,7.35,6.78,33,1.7,1.63,2.31,2.21,20,-1,1.75,1.69,2.25,2.17,1.41,4.99,7.48
T1,23/11/2018,Galatasaray,Konyaspor,1,1,D,0,0,D,13,8,2,2,12,14,0,3,1,3,1,0,1.75,3.5,4.75,1.75,3.4,4.6,1.75,3.45,4.55,1.8,3.57,5.01,1.75,3.5,5,1.8,3.5,4.6,36,1.85,1.78,3.65,3.46,5.05,4.62,36,2.1,2.02,1.85,1.77,20,-0.75,2.12,2.02,1.86,1.81,2,3.26,4.43
T1,24/11/2018,Alanyaspor,Kayserispor,5,0,H,1,0,H,15,5,10,1,20,11,9,2,3,5,0,0,1.9,3.25,4.2,2,3.3,3.6,1.97,3.3,3.65,2.09,3.46,3.79,2,3.4,3.75,2,3.4,3.75,36,2.1,2.01,3.55,3.35,4.2,3.69,35,2.12,2.03,1.85,1.76,20,-0.25,1.8,1.73,2.25,2.13,2.03,3.47,3.99
T1,24/11/2018,Ankaragucu,Besiktas,1,4,A,0,3,A,15,15,4,6,18,15,4,5,2,2,0,0,4.5,3.75,1.75,4.33,3.6,1.75,4.2,3.6,1.77,4.32,3.83,1.82,4.33,3.7,1.8,4.3,3.7,1.8,36,4.5,4.28,3.85,3.66,1.85,1.79,35,1.93,1.84,2.05,1.94,20,0.75,1.85,1.8,2.12,2.04,4.09,3.67,1.93
T1,24/11/2018,Erzurum BB,Antalyaspor,1,0,H,0,0,D,14,7,2,1,12,12,7,3,3,0,0,0,2,3.3,3.75,2.1,3.3,3.3,2.05,3.2,3.6,2.13,3.36,3.78,2.05,3.25,3.7,2.05,3.3,3.7,36,2.15,2.07,3.45,3.29,3.8,3.59,36,2.25,2.12,1.77,1.7,20,-0.25,1.83,1.77,2.16,2.06,2.22,3.28,3.62
T1,25/11/2018,Akhisar Belediyespor,Bursaspor,2,4,A,2,1,H,6,19,3,7,13,11,3,7,0,2,0,0,2.5,3.2,2.87,2.4,3.1,2.9,2.5,3.05,2.85,2.6,3.1,3.04,2.5,3.1,3,2.45,3.2,2.9,36,2.65,2.49,3.2,3.09,3.04,2.9,34,2.24,2.16,1.73,1.67,19,-0.25,2.2,2.13,1.78,1.72,2.68,3.05,3.03
T1,25/11/2018,Kasimpasa,Yeni Malatyaspor,3,0,H,1,0,H,21,17,9,2,19,9,7,4,2,1,0,0,2.04,3.5,3.4,2,3.4,3.5,2,3.4,3.45,2.1,3.42,3.72,2.05,3.4,3.6,2,3.6,3.5,35,2.1,2.04,3.65,3.43,3.72,3.49,34,1.83,1.75,2.11,2.04,19,-0.25,1.82,1.78,2.11,2.06,1.76,4.18,4.39
T1,25/11/2018,Sivasspor,Rizespor,1,1,D,0,0,D,25,9,6,4,14,7,19,3,2,3,1,0,1.75,3.5,4.75,1.78,3.5,4.25,1.8,3.45,4.2,1.86,3.48,4.6,1.8,3.5,4.5,1.8,3.6,4.4,36,1.86,1.8,3.7,3.49,4.75,4.33,34,1.93,1.85,2.02,1.92,19,-0.75,2.13,2.05,1.85,1.78,1.87,3.64,4.46
T1,25/11/2018,Trabzonspor,Fenerbahce,2,1,H,0,0,D,26,11,8,3,11,17,6,6,3,3,0,0,2.4,3.3,2.87,2.3,3.25,2.95,2.4,3.3,2.8,2.51,3.39,2.91,2.45,3.4,2.8,2.38,3.5,2.88,36,2.51,2.4,3.5,3.32,3.08,2.84,34,1.9,1.82,2.03,1.95,19,-0.25,2.15,2.08,1.82,1.76,2.51,3.55,2.85
T1,26/11/2018,Goztep,Buyuksehyr,0,2,A,0,1,A,15,15,4,7,8,13,7,1,4,3,0,0,2.87,3.2,2.5,2.75,3.1,2.55,2.9,3.05,2.4,3.07,3.2,2.51,3,3.1,2.45,2.9,3.2,2.45,35,3.07,2.9,3.25,3.11,2.65,2.46,32,2.25,2.17,1.71,1.65,18,0.25,1.8,1.74,2.17,2.1,3.46,3.08,2.4
T1,30/11/2018,Konyaspor,Alanyaspor,2,0,H,0,0,D,9,8,4,2,10,10,2,3,3,2,0,1,1.7,3.6,5,1.67,3.5,5,1.7,3.55,4.8,1.75,3.75,5.06,1.73,3.6,5,1.73,3.6,5,36,1.79,1.73,3.8,3.59,5.25,4.84,36,2.12,2.03,1.85,1.77,20,-0.75,2.02,1.95,1.95,1.87,1.79,3.66,4.94
T1,30/11/2018,Rizespor,Ankaragucu,1,1,D,0,1,A,21,10,6,4,12,6,7,2,3,2,0,0,1.95,3.5,3.75,2,3.4,3.5,1.97,3.5,3.5,2.01,3.84,3.64,1.95,3.7,3.6,1.95,3.6,3.7,36,2.08,1.99,3.85,3.55,3.75,3.54,35,1.91,1.84,2.04,1.95,20,-0.25,1.81,1.73,2.21,2.12,2.03,3.82,3.61
T1,01/12/2018,Antalyaspor,Goztep,1,0,H,1,0,H,8,15,4,3,17,17,6,4,1,1,0,0,2.2,3.1,3.5,2.35,3.1,3,2.25,3.2,3.1,2.37,3.34,3.22,2.3,3.25,3.2,2.25,3.3,3.2,36,2.37,2.27,3.35,3.24,3.5,3.16,36,2.15,2.04,1.81,1.75,20,0,1.7,1.64,2.35,2.27,2.64,3.19,2.95
T1,01/12/2018,Buyuksehyr,Sivasspor,0,1,A,0,1,A,16,9,2,1,8,15,6,0,3,3,0,0,1.5,4.33,6,1.45,4.1,6.75,1.53,3.9,6.1,1.53,4.06,7.09,1.5,4,7,1.5,4.2,6.5,36,1.56,1.5,4.33,4.07,7.1,6.4,35,1.95,1.86,2.02,1.92,23,-1,1.96,1.88,2,1.94,1.52,4.17,7.16
T1,01/12/2018,Kayserispor,Trabzonspor,0,2,A,0,0,D,7,18,2,7,15,16,2,5,5,1,0,0,3.75,3.5,1.95,3.25,3.4,2.1,3.25,3.5,2.05,3.29,3.76,2.13,3.3,3.6,2.1,3.4,3.6,2.05,36,3.75,3.33,3.76,3.53,2.15,2.08,35,1.87,1.81,2.05,1.98,20,0.25,2.11,2.02,1.86,1.81,3.37,3.89,2.09
T1,02/12/2018,Besiktas,Galatasaray,1,0,H,1,0,H,14,10,5,2,21,14,6,5,4,4,0,0,1.75,3.75,4.33,1.72,3.5,4.75,1.73,3.7,4.35,1.77,3.83,4.65,1.75,3.7,4.6,1.75,3.8,4.5,36,1.81,1.74,3.9,3.7,4.75,4.45,35,1.85,1.78,2.1,2.01,20,-0.75,2.02,1.97,1.91,1.85,2.04,3.43,3.98
T1,02/12/2018,Bursaspor,Erzurum BB,2,1,H,1,1,D,13,8,4,2,19,13,2,3,2,1,0,0,1.75,3.5,4.75,1.75,3.4,4.6,1.75,3.45,4.65,1.79,3.59,4.86,1.78,3.5,4.75,1.8,3.5,4.6,36,1.85,1.78,3.65,3.46,4.95,4.6,36,2.25,2.11,1.77,1.71,20,-0.75,2.13,2.04,1.85,1.79,1.93,3.2,4.9
T1,03/12/2018,Fenerbahce,Kasimpasa,2,2,D,2,1,H,21,16,3,3,11,19,8,2,3,1,0,0,1.72,3.8,4.5,1.75,3.7,4.2,1.7,3.9,4.15,1.77,3.93,4.47,1.75,3.8,4.4,1.75,3.9,4.3,35,1.8,1.74,4.15,3.86,4.5,4.25,31,1.6,1.54,2.6,2.42,18,-1,2.38,2.29,1.7,1.61,1.9,3.76,4.15
T1,03/12/2018,Yeni Malatyaspor,Akhisar Belediyespor,1,1,D,1,0,H,9,7,3,3,16,13,0,0,4,3,0,0,1.83,3.4,4.5,1.78,3.4,4.4,1.8,3.4,4.35,1.86,3.55,4.51,1.83,3.5,4.4,1.83,3.5,4.4,35,1.86,1.81,3.65,3.44,4.62,4.38,33,2.13,2.04,1.85,1.75,18,-0.75,2.16,2.09,1.8,1.75,1.9,3.49,4.52
T1,07/12/2018,Alanyaspor,Besiktas,0,0,D,0,0,D,13,9,3,3,15,16,7,10,3,2,0,0,3.75,3.4,2,3.75,3.3,1.95,3.7,3.4,1.95,3.82,3.36,2.11,3.7,3.3,2.05,3.5,3.5,2.05,37,4,3.64,3.55,3.37,2.11,2.03,34,1.85,1.77,2.11,2.02,20,0.5,1.85,1.79,2.13,2.05,3.45,3.28,2.29
T1,08/12/2018,Galatasaray,Rizespor,2,2,D,1,0,H,20,18,8,8,11,12,8,4,2,1,0,0,1.44,4.2,7.5,1.44,4.1,7,1.45,4.35,6.4,1.45,4.53,7.2,1.44,4.4,7,1.45,4.5,7,37,1.5,1.45,4.7,4.38,7.5,6.7,32,1.7,1.63,2.35,2.22,23,-1,1.82,1.75,2.2,2.1,1.52,4.29,6.83
T1,08/12/2018,Sivasspor,Goztep,2,0,H,0,0,D,15,7,6,1,13,13,7,3,3,4,0,1,2.1,3.3,3.5,2.1,3.2,3.4,2.05,3.2,3.55,2.16,3.28,3.73,2.1,3.25,3.6,2.05,3.4,3.6,37,2.2,2.09,3.4,3.28,3.75,3.52,35,2.15,2.05,1.82,1.75,20,-0.5,2.15,2.08,1.83,1.76,2.09,3.42,3.82
T1,08/12/2018,Trabzonspor,Konyaspor,3,0,H,0,0,D,18,7,6,2,13,13,5,2,2,3,0,0,1.85,3.4,4.33,1.87,3.3,4.1,1.85,3.35,4.1,1.94,3.28,4.68,1.88,3.3,4.4,1.9,3.4,4.2,37,1.94,1.88,3.51,3.34,4.68,4.23,34,2,1.92,1.95,1.86,20,-0.5,1.94,1.89,2.01,1.94,1.94,3.25,4.72
T1,09/12/2018,Akhisar Belediyespor,Fenerbahce,3,0,H,1,0,H,12,16,4,4,13,7,2,7,2,1,0,0,3.5,3.4,2.04,3.5,3.4,2,3.3,3.35,2.1,3.44,3.44,2.19,3.3,3.4,2.15,3.4,3.5,2.1,37,3.65,3.38,3.55,3.39,2.2,2.08,33,1.9,1.84,2.02,1.95,19,0.5,1.82,1.75,2.19,2.1,3.49,3.46,2.19
T1,09/12/2018,Bursaspor,Antalyaspor,0,2,A,0,2,A,13,6,4,3,21,11,9,0,4,1,0,0,1.75,3.5,4.75,1.75,3.5,4.5,1.73,3.55,4.5,1.76,3.85,4.63,1.75,3.75,4.5,1.75,3.6,4.6,37,1.81,1.75,3.85,3.6,4.8,4.49,34,2.16,2.05,1.81,1.75,19,-0.5,1.82,1.76,2.16,2.08,1.86,3.37,4.96
T1,09/12/2018,Erzurum BB,Yeni Malatyaspor,1,3,A,1,0,H,15,9,5,5,10,15,9,4,0,3,0,0,2.1,3.25,3.6,2.1,3.2,3.4,2.05,3.2,3.6,2.08,3.41,3.76,2.05,3.3,3.7,2.05,3.3,3.75,37,2.13,2.06,3.41,3.27,3.8,3.58,32,2.3,2.19,1.71,1.65,19,-0.25,1.84,1.79,2.12,2.05,1.98,3.43,4.24
T1,10/12/2018,Ankaragucu,Buyuksehyr,0,1,A,0,1,A,8,15,1,8,10,14,0,7,0,1,0,0,4.33,3.6,1.8,4.1,3.6,1.8,4.2,3.45,1.8,4.46,3.54,1.87,4.4,3.5,1.83,4.5,3.5,1.8,36,4.5,4.22,3.65,3.5,1.9,1.83,32,2.1,2.01,1.85,1.78,18,0.5,2.08,2,1.87,1.82,5.78,4.01,1.63
T1,10/12/2018,Kasimpasa,Kayserispor,0,3,A,0,1,A,25,17,5,10,13,15,11,3,3,2,0,0,1.44,4.33,7,1.55,4.1,5.25,1.47,4.4,5.7,1.49,4.81,5.95,1.47,4.6,6,1.45,4.5,6.25,36,1.55,1.47,4.81,4.46,7,5.92,30,1.65,1.61,2.35,2.26,20,-1,1.82,1.77,2.14,2.06,1.56,4.53,5.68
T1,14/12/2018,Goztep,Bursaspor,0,0,D,0,0,D,8,6,2,3,15,13,3,6,1,3,0,0,2.04,3.2,3.75,2.15,3.1,3.4,2.1,3.15,3.5,2.21,3.08,3.91,2.15,3.1,3.7,2.15,3.25,3.5,35,2.23,2.14,3.32,3.15,3.91,3.58,31,2.1,1.96,1.94,1.83,19,-0.5,2.2,2.13,1.8,1.73,2.22,3.08,3.89
T1,15/12/2018,Buyuksehyr,Galatasaray,1,1,D,1,1,D,17,9,5,4,12,13,7,2,4,2,0,0,1.9,3.4,4.1,1.95,3.4,3.6,1.9,3.4,3.8,1.95,3.64,3.97,1.95,3.5,3.9,1.93,3.5,3.9,35,2.02,1.94,3.64,3.45,4.13,3.83,32,2.1,2.03,1.85,1.77,19,-0.25,1.75,1.67,2.35,2.23,2,3.58,3.93
T1,15/12/2018,Konyaspor,Kasimpasa,3,2,H,0,0,D,10,20,3,6,9,10,3,8,2,6,0,0,1.95,3.75,3.5,2,3.5,3.4,2,3.55,3.35,2.05,3.77,3.53,2,3.6,3.5,2,3.6,3.5,34,2.1,2.02,3.77,3.59,3.58,3.41,33,1.76,1.7,2.25,2.13,19,-0.5,2.1,2.03,1.87,1.81,2.16,3.63,3.4
T1,15/12/2018,Rizespor,Alanyaspor,1,1,D,0,1,A,16,16,8,6,19,17,9,5,4,3,0,0,2.3,3.3,3.1,2.1,3.4,3.2,2.2,3.3,3.05,2.33,3.45,3.21,2.2,3.4,3.2,2.25,3.4,3.1,35,2.33,2.23,3.5,3.35,3.25,3.13,32,1.98,1.91,1.95,1.88,19,-0.25,2.02,1.96,1.94,1.87,2.25,3.52,3.29
T1,15/12/2018,Sivasspor,Ankaragucu,4,0,H,2,0,H,19,10,8,4,13,12,9,6,1,4,0,0,1.66,3.8,5,1.7,3.6,4.75,1.63,3.85,4.85,1.65,4.19,5.02,1.63,4,5,1.65,3.9,5,35,1.7,1.66,4.19,3.93,5.25,4.79,32,1.85,1.79,2.1,2,21,-1,2.29,2.19,1.8,1.69,1.61,4.14,5.69
T1,16/12/2018,Besiktas,Trabzonspor,2,2,D,0,1,A,18,14,8,7,16,14,10,8,3,1,0,0,1.85,3.8,3.8,1.8,3.6,4.1,1.9,3.5,3.75,1.93,3.57,4.14,1.91,3.6,3.9,1.9,3.7,3.8,34,1.95,1.89,3.8,3.56,4.14,3.85,32,1.77,1.71,2.2,2.1,18,-0.5,1.97,1.91,1.98,1.91,2.06,3.57,3.73
T1,16/12/2018,Kayserispor,Akhisar Belediyespor,1,0,H,0,0,D,13,7,5,2,19,8,3,6,2,1,0,0,2.2,3.25,3.3,2.2,3.2,3.2,2.15,3.25,3.25,2.22,3.46,3.34,2.15,3.3,3.4,2.15,3.3,3.4,34,2.35,2.19,3.46,3.31,3.45,3.25,32,2.16,2.07,1.81,1.74,18,-0.5,2.25,2.18,1.76,1.7,2.23,3.59,3.28
T1,16/12/2018,Yeni Malatyaspor,Antalyaspor,2,0,H,2,0,H,12,8,3,1,16,18,2,2,2,4,1,1,2.04,3.25,3.75,2.05,3.25,3.5,2.05,3.15,3.55,2.12,3.34,3.74,2.1,3.25,3.6,2.1,3.3,3.6,34,2.15,2.09,3.35,3.26,3.75,3.54,32,2.25,2.16,1.75,1.68,18,-0.5,2.17,2.11,1.8,1.74,2.16,3.35,3.7
T1,17/12/2018,Fenerbahce,Erzurum BB,2,2,D,2,0,H,14,6,5,3,11,17,7,1,0,3,0,0,1.5,4,7,1.5,4,6,1.53,3.9,5.9,1.53,3.98,7.08,1.52,3.9,7,1.53,4,6.25,34,1.58,1.52,4.4,3.93,7.08,6.31,29,1.85,1.77,2.13,2.02,19,-1,1.98,1.9,2.05,1.92,1.43,4.61,7.88
T1,22/12/2018,Alanyaspor,Buyuksehyr,1,1,D,0,1,A,13,12,7,6,13,12,1,3,3,2,1,0,3.75,3.4,2,3.6,3.3,2,3.75,3.25,1.97,3.96,3.37,2.04,3.9,3.3,2,3.8,3.4,2,35,3.96,3.76,3.5,3.31,2.06,2,33,2.13,2.05,1.85,1.76,19,0.25,2.21,2.13,1.76,1.72,4.02,3.28,2.09
T1,22/12/2018,Ankaragucu,Goztep,0,3,A,0,0,D,13,11,1,4,16,18,4,3,2,1,0,0,3.25,3.25,2.2,2.9,3.1,2.4,3,3.15,2.3,3.16,3.34,2.38,3.1,3.25,2.35,3.13,3.25,2.3,35,3.25,3.04,3.35,3.22,2.45,2.34,33,2.15,2.04,1.82,1.76,19,0,2.31,2.21,1.72,1.68,3.72,3.54,2.08
T1,22/12/2018,Kasimpasa,Besiktas,4,1,H,2,0,H,12,16,7,6,14,15,4,3,3,3,0,0,2.54,3.6,2.54,2.5,3.4,2.6,2.45,3.6,2.55,2.58,3.72,2.62,2.55,3.6,2.55,2.5,3.8,2.5,35,2.63,2.5,3.8,3.6,2.65,2.55,32,1.52,1.48,2.8,2.58,19,-0.25,2.26,2.2,1.75,1.68,2.89,3.81,2.36
T1,23/12/2018,Bursaspor,Yeni Malatyaspor,1,1,D,1,0,H,8,4,2,1,13,11,5,1,1,3,0,1,2,3.3,3.8,1.91,3.4,3.8,2,3.2,3.7,2.07,3.35,3.88,2.05,3.3,3.8,2,3.4,3.75,35,2.1,2,3.42,3.32,3.95,3.74,33,2.21,2.11,1.77,1.71,19,-0.25,1.8,1.74,2.2,2.12,2.16,3.24,3.85
T1,23/12/2018,Erzurum BB,Kayserispor,1,1,D,1,1,D,20,7,5,3,14,12,5,3,2,6,0,0,2,3.3,3.8,1.95,3.25,3.9,1.93,3.3,3.95,1.99,3.38,4.16,2,3.25,4,2,3.4,3.75,35,2.05,1.97,3.57,3.32,4.16,3.88,33,2.2,2.07,1.8,1.73,19,-0.5,2.06,1.98,1.91,1.84,2.44,3.18,3.27
T1,23/12/2018,Galatasaray,Sivasspor,4,2,H,2,2,D,15,16,5,7,18,4,7,5,2,2,0,0,1.66,4,4.75,1.7,3.6,4.6,1.67,3.85,4.5,1.7,4.08,4.75,1.67,4,4.75,1.7,3.9,4.6,35,1.73,1.68,4.1,3.89,4.85,4.6,33,1.76,1.71,2.21,2.11,20,-1,2.35,2.22,1.72,1.67,1.7,4.14,4.8
T1,23/12/2018,Trabzonspor,Rizespor,4,1,H,1,0,H,18,13,5,6,18,9,6,4,4,2,0,0,1.44,4.5,6.5,1.5,4.1,5.75,1.5,4.3,5.6,1.51,4.46,6.3,1.5,4.4,6,1.5,4.5,5.75,34,1.55,1.49,4.65,4.36,6.5,5.93,31,1.6,1.54,2.55,2.41,21,-1,1.88,1.81,2.1,2.02,1.75,3.85,4.94
T1,24/12/2018,Akhisar Belediyespor,Konyaspor,0,0,D,0,0,D,8,10,3,3,14,15,0,4,3,3,0,0,2.6,3.2,2.75,2.55,3.1,2.75,2.55,3.15,2.7,2.66,3.24,2.84,2.6,3.2,2.75,2.55,3.25,2.8,34,2.66,2.56,3.3,3.17,2.9,2.76,31,2.2,2.06,1.8,1.74,18,0,1.9,1.85,2.05,1.98,2.54,3.1,3.18
T1,24/12/2018,Antalyaspor,Fenerbahce,0,0,D,0,0,D,7,19,3,6,12,11,2,9,1,4,0,1,4.75,3.6,1.75,3.8,3.8,1.8,4.05,3.75,1.77,3.97,4.12,1.83,4.2,3.9,1.78,4.33,3.7,1.8,35,4.75,4.01,4.15,3.77,1.96,1.81,30,1.95,1.86,2.02,1.92,18,0.75,1.85,1.77,2.14,2.06,4.17,4.05,1.83
T1,18/01/2019,Akhisar Belediyespor,Besiktas,1,3,A,0,1,A,15,11,5,5,12,18,8,2,3,4,0,0,3.5,3.6,2,3.4,3.5,2,3.45,3.5,1.97,3.71,3.64,2.05,3.6,3.5,2,3.5,3.6,2,33,3.9,3.5,3.66,3.53,2.1,2.02,32,1.8,1.75,2.15,2.05,18,0.5,1.88,1.82,2.06,2.01,3.81,3.73,1.99
T1,19/01/2019,Antalyaspor,Kayserispor,0,0,D,0,0,D,3,16,0,2,13,13,2,6,0,1,0,0,2.4,3.2,3,2.25,3.2,3.1,2.35,3.15,2.95,2.52,3.12,3.13,2.45,3.1,3,2.4,3.2,3,35,2.52,2.39,3.35,3.17,3.15,3.01,34,2.1,2.02,1.85,1.77,20,0,1.77,1.72,2.22,2.14,2.62,3.18,2.99
T1,19/01/2019,Erzurum BB,Konyaspor,1,2,A,0,1,A,14,10,3,4,11,15,8,4,3,4,0,0,2.6,3.25,2.7,2.5,3.2,2.75,2.6,3,2.75,2.71,3.18,2.84,2.62,3.1,2.8,2.6,3.13,2.8,21,2.71,2.62,3.25,3.08,2.84,2.77,19,2.38,2.33,1.6,1.58,13,0,1.9,1.84,2.02,1.95,2.94,3.07,2.74
T1,19/01/2019,Galatasaray,Ankaragucu,6,0,H,3,0,H,23,11,10,3,13,13,0,2,3,3,0,0,1.28,5.75,9,1.28,5.5,8.25,1.32,5.1,7.9,1.3,5.41,9.88,1.3,5.25,10,1.3,5.5,9,35,1.35,1.3,5.75,5.41,10.72,8.89,32,1.55,1.49,2.7,2.55,22,-1.5,1.95,1.89,1.98,1.92,1.31,5.66,9.89
T1,19/01/2019,Yeni Malatyaspor,Goztep,3,2,H,2,2,D,9,10,5,3,13,11,2,11,1,1,0,0,2.3,3.4,3,2.2,3.1,3.3,2.3,3.1,3.05,2.38,3.23,3.25,2.35,3.1,3.2,2.3,3.3,3.1,34,2.45,2.33,3.4,3.16,3.35,3.14,33,2.25,2.14,1.76,1.69,20,-0.25,2.1,2.01,1.9,1.83,2.66,3.16,2.96
T1,20/01/2019,Alanyaspor,Sivasspor,2,0,H,2,0,H,19,9,8,0,13,15,8,2,0,3,0,0,2.2,3.4,3.2,2.2,3.4,3,2.2,3.35,3.05,2.27,3.58,3.14,2.2,3.5,3.1,2.25,3.4,3.13,36,2.42,2.24,3.6,3.4,3.25,3.07,34,1.95,1.86,2,1.92,21,0,1.69,1.65,2.35,2.26,2.19,3.58,3.37
T1,20/01/2019,Trabzonspor,Buyuksehyr,2,4,A,0,2,A,20,10,10,8,17,15,8,4,3,2,0,0,2.75,3.25,2.55,2.75,3.1,2.55,2.65,3.15,2.55,2.81,3.29,2.65,2.75,3.2,2.6,2.7,3.25,2.6,35,2.84,2.72,3.35,3.19,2.7,2.59,34,2.1,2.02,1.85,1.77,20,0,2.02,1.96,1.95,1.87,3.8,3.14,2.22
T1,21/01/2019,Bursaspor,Fenerbahce,1,1,D,0,1,A,13,5,4,3,18,18,3,7,4,2,0,0,3.2,3.4,2.2,3.2,3.3,2.15,3.05,3.2,2.25,3.14,3.32,2.39,3.1,3.25,2.35,3.1,3.3,2.3,35,3.35,3.12,3.45,3.26,2.39,2.27,31,2.07,1.98,1.85,1.8,19,0,2.3,2.22,1.71,1.66,3.02,3.37,2.48
T1,21/01/2019,Kasimpasa,Rizespor,0,1,A,0,1,A,22,7,6,2,13,19,10,3,2,4,0,0,1.66,4,4.75,1.65,4,4.5,1.67,3.95,4.45,1.72,3.99,4.75,1.67,4,4.75,1.65,4.2,4.6,35,1.72,1.67,4.25,3.99,5,4.61,30,1.56,1.53,2.6,2.42,21,-1,2.25,2.13,1.8,1.72,1.92,3.85,3.95
T1,25/01/2019,Besiktas,Erzurum BB,1,1,D,0,0,D,15,10,5,3,15,14,11,2,4,4,1,0,1.4,4.5,7.5,1.4,4.5,7,1.38,4.6,7.3,1.4,4.68,8.8,1.36,4.6,9,1.36,4.8,8,37,1.43,1.38,5,4.65,9,7.98,33,1.63,1.58,2.5,2.33,22,-1.5,2.19,2.1,1.8,1.74,1.38,4.88,8.99
T1,26/01/2019,Goztep,Galatasaray,0,1,A,0,0,D,16,9,1,6,17,12,13,3,3,3,0,0,3.1,3.4,2.25,2.95,3.4,2.25,2.9,3.35,2.3,3.08,3.3,2.44,3,3.3,2.35,2.9,3.4,2.38,37,3.32,2.99,3.55,3.35,2.45,2.3,35,1.82,1.76,2.17,2.04,20,0,2.28,2.17,1.77,1.7,3.16,3.31,2.42
T1,26/01/2019,Kayserispor,Bursaspor,1,1,D,0,1,A,7,12,4,3,15,9,8,7,2,2,1,0,2.37,3.25,3,2.4,3.1,2.9,2.4,3.1,2.95,2.59,3.25,2.93,2.4,3.2,3,2.4,3.2,3,37,2.59,2.41,3.3,3.14,3.15,2.96,34,2.3,2.2,1.7,1.65,20,-0.25,2.19,2.08,1.82,1.77,2.65,3.11,3.02
T1,27/01/2019,Konyaspor,Antalyaspor,2,0,H,1,0,H,11,7,4,2,19,10,5,1,1,1,0,0,1.57,3.8,6,1.62,3.8,5,1.55,3.9,5.6,1.57,4.36,5.57,1.55,4.2,5.8,1.57,3.9,6,36,1.62,1.57,4.4,3.99,6.25,5.53,34,2.05,1.97,1.92,1.82,22,-1,2.11,2.03,1.9,1.8,1.75,3.77,5.02
T1,27/01/2019,Rizespor,Akhisar Belediyespor,3,1,H,0,1,A,25,9,6,4,16,13,6,1,2,1,0,1,2,3.5,3.6,2,3.5,3.4,1.97,3.4,3.55,2.02,3.48,3.88,2,3.4,3.75,2,3.5,3.6,40,2.1,2.01,3.55,3.43,3.88,3.59,38,1.94,1.87,2,1.93,25,-0.25,1.8,1.76,2.17,2.11,2.27,3.39,3.37
T1,27/01/2019,Sivasspor,Trabzonspor,1,1,D,0,0,D,15,15,5,6,11,14,3,5,0,1,0,0,2.6,3.4,2.6,2.55,3.4,2.55,2.5,3.5,2.55,2.61,3.64,2.63,2.55,3.5,2.6,2.55,3.5,2.63,36,2.67,2.55,3.7,3.48,2.7,2.57,33,1.7,1.64,2.33,2.21,20,0,1.95,1.89,2,1.93,2.44,3.6,2.91
T1,28/01/2019,Ankaragucu,Alanyaspor,0,2,A,0,1,A,8,10,3,3,14,21,4,3,5,1,0,0,4.2,3.75,1.83,4.1,3.5,1.83,4.1,3.65,1.77,4.23,3.84,1.83,4.2,3.7,1.8,4.2,3.7,1.8,36,4.4,4.08,3.9,3.67,1.87,1.82,32,1.86,1.79,2.1,2,19,0.5,2.1,2.01,1.87,1.82,4.3,3.78,1.86
T1,28/01/2019,Buyuksehyr,Kasimpasa,2,0,H,1,0,H,16,9,5,2,18,9,7,2,2,0,0,0,1.53,4.2,5.75,1.5,4.1,5.75,1.5,4.2,5.8,1.51,4.31,6.52,1.5,4.2,6.5,1.5,4.33,6.25,36,1.54,1.5,4.44,4.18,6.52,6.02,31,1.7,1.62,2.35,2.25,21,-1,1.92,1.85,2.05,1.97,1.45,4.94,6.72
T1,28/01/2019,Fenerbahce,Yeni Malatyaspor,3,2,H,2,2,D,19,8,8,4,21,20,6,4,6,4,0,0,1.61,4,5,1.6,3.6,5.75,1.63,3.65,5.2,1.67,3.61,5.92,1.63,3.6,5.8,1.65,3.8,5.2,36,1.7,1.64,4,3.62,6.06,5.43,32,2,1.91,1.95,1.87,21,-1,2.28,2.18,1.75,1.69,1.73,3.91,4.97
T1,01/02/2019,Fenerbahce,Goztep,2,0,H,1,0,H,12,6,4,3,16,15,3,2,3,3,0,1,1.72,3.6,4.75,1.7,3.7,4.6,1.67,3.85,4.45,1.71,4.02,4.89,1.67,3.9,4.8,1.67,3.9,5,35,1.74,1.7,4.3,3.87,5,4.65,32,1.66,1.6,2.4,2.29,23,-1,2.33,2.19,1.76,1.69,1.69,4.02,5.09
T1,02/02/2019,Alanyaspor,Galatasaray,1,1,D,1,0,H,13,5,7,3,22,18,2,3,3,5,0,0,3.3,3.25,2.2,3,3.3,2.25,3,3.35,2.25,3.15,3.54,2.28,3.1,3.4,2.25,3.1,3.4,2.25,35,3.3,3.06,3.6,3.37,2.31,2.24,32,1.92,1.84,2.02,1.94,19,0.25,1.94,1.87,2,1.95,3.09,3.49,2.37
T1,02/02/2019,Kasimpasa,Sivasspor,1,3,A,1,1,D,5,21,3,8,15,10,3,11,3,0,0,0,2.1,3.5,3.25,1.95,3.6,3.4,2.05,3.55,3.2,2.12,3.64,3.42,2.1,3.6,3.3,2.1,3.6,3.25,35,2.15,2.07,3.85,3.56,3.45,3.27,32,1.6,1.55,2.55,2.4,19,-0.25,1.9,1.83,2.08,1.99,1.94,4.03,3.69
T1,02/02/2019,Trabzonspor,Ankaragucu,1,0,H,1,0,H,21,13,8,5,19,17,2,5,4,3,0,0,1.3,5.5,9,1.25,5.5,10,1.31,5.1,8.4,1.3,5.25,11.12,1.29,5.25,11,1.3,5.4,9.5,35,1.34,1.3,6.5,5.2,11.12,9.54,32,1.6,1.53,2.55,2.44,22,-1.5,1.97,1.9,2,1.91,1.36,5.21,8.49
T1,02/02/2019,Yeni Malatyaspor,Kayserispor,1,1,D,1,1,D,7,7,5,4,11,16,4,3,0,3,0,0,2,3.2,4,2.05,3.2,3.6,2,3.2,3.65,2.06,3.32,3.96,2.05,3.2,3.9,2.05,3.3,3.7,35,2.13,2.04,3.45,3.24,4,3.73,33,2.17,2.07,1.8,1.74,19,-0.25,1.8,1.75,2.17,2.08,2.18,3.16,3.88
T1,03/02/2019,Akhisar Belediyespor,Buyuksehyr,0,3,A,0,2,A,22,18,6,6,14,17,5,3,4,3,0,0,6.5,3.6,1.57,5.5,3.9,1.55,5.7,3.85,1.55,5.73,4.23,1.57,6,4,1.55,6,3.9,1.57,34,6.5,5.75,4.25,3.97,1.59,1.56,32,2.05,1.95,1.9,1.83,22,1,1.9,1.81,2.07,2.01,5.18,3.82,1.72
T1,03/02/2019,Antalyaspor,Besiktas,2,6,A,0,3,A,11,13,4,7,12,14,7,7,3,2,0,0,5,3.5,1.72,4.4,3.5,1.75,4.45,3.7,1.7,4.6,4,1.74,4.5,3.9,1.73,4.6,3.8,1.73,34,5,4.47,4,3.75,1.8,1.73,32,1.85,1.78,2.1,2.01,19,0.5,2.21,2.12,1.78,1.73,4.64,4.01,1.75
T1,03/02/2019,Erzurum BB,Rizespor,0,1,A,0,0,D,10,6,2,1,15,14,17,1,1,1,0,0,2.3,3.2,3.1,2.35,3.2,2.9,2.3,3.2,2.95,2.44,3.33,3.06,2.38,3.25,3,2.38,3.3,3,34,2.45,2.36,3.4,3.23,3.15,2.98,33,2.15,2.04,1.81,1.75,19,0,1.76,1.71,2.25,2.14,2.48,3.09,3.29
T1,04/02/2019,Bursaspor,Konyaspor,0,0,D,0,0,D,17,4,3,3,11,15,4,4,0,2,0,0,2.37,3.1,3.1,2.3,3.1,3.1,2.35,3.05,3.1,2.46,3.12,3.23,2.4,3,3.2,2.4,3.13,3.1,34,2.48,2.37,3.25,3.06,3.3,3.14,30,2.45,2.34,1.65,1.57,18,0,1.72,1.66,2.33,2.21,2.42,2.89,3.67
T1,08/02/2019,Kayserispor,Fenerbahce,1,0,H,0,0,D,13,8,5,2,15,18,3,5,2,5,0,2,3.5,3.4,2.05,3.3,3.3,2.1,3.4,3.3,2.05,3.64,3.43,2.15,3.6,3.3,2.1,3.6,3.4,2.05,34,3.7,3.45,3.55,3.34,2.18,2.11,32,2.04,1.96,1.9,1.83,19,0.5,1.8,1.75,2.2,2.11,3.46,3.37,2.24
T1,09/02/2019,Besiktas,Bursaspor,2,0,H,1,0,H,11,8,7,3,17,14,4,3,1,1,0,0,1.53,3.8,6.5,1.53,3.9,6,1.53,4,5.7,1.54,4.08,6.62,1.5,4.2,6.5,1.5,4.3,6.25,35,1.6,1.52,4.35,4.03,6.65,6.14,34,1.8,1.72,2.2,2.1,23,-1,1.95,1.89,2,1.93,1.77,3.52,5.38
T1,09/02/2019,Buyuksehyr,Erzurum BB,1,1,D,1,0,H,9,13,2,2,21,12,3,6,3,1,0,0,1.28,5.25,11,1.26,5.25,10.5,1.31,4.85,9,1.3,5.34,10.33,1.3,5,11,1.3,5.2,10,35,1.34,1.3,5.75,5.05,12,10.07,34,1.8,1.74,2.15,2.07,23,-1.5,2.03,1.95,1.92,1.87,1.31,5.44,10.44
T1,09/02/2019,Rizespor,Antalyaspor,1,1,D,1,0,H,20,25,5,4,15,13,7,8,2,1,0,0,1.75,3.5,4.75,1.75,3.5,4.4,1.73,3.65,4.4,1.76,4.04,4.39,1.73,3.9,4.4,1.75,3.75,4.5,35,1.8,1.75,4.04,3.73,4.75,4.41,33,1.92,1.84,2,1.94,20,-0.5,1.8,1.75,2.19,2.1,1.78,3.8,4.81
T1,10/02/2019,Galatasaray,Trabzonspor,3,1,H,2,1,H,18,14,9,4,17,12,4,9,4,1,0,0,1.75,3.75,4.33,1.7,3.8,4.33,1.7,3.9,4.25,1.7,4.33,4.45,1.7,4.2,4.4,1.7,4,4.5,34,1.8,1.71,4.33,3.95,5,4.4,32,1.7,1.62,2.36,2.26,21,-1,2.35,2.26,1.7,1.64,1.48,5.05,6.05
T1,10/02/2019,Goztep,Alanyaspor,3,2,H,2,1,H,14,14,7,6,13,14,1,5,8,4,1,0,2.37,3.2,3,2.3,3.2,3,2.35,3.15,2.95,2.48,3.27,3.05,2.4,3.2,3,2.38,3.3,3,34,2.48,2.38,3.35,3.2,3.15,2.98,33,2.15,2.06,1.81,1.74,19,0,1.79,1.72,2.25,2.13,2.35,3.37,3.23
T1,10/02/2019,Konyaspor,Yeni Malatyaspor,1,1,D,0,0,D,8,8,4,3,12,18,4,1,0,0,0,0,1.83,3.4,4.5,1.85,3.3,4.25,1.83,3.25,4.35,1.91,3.38,4.51,1.88,3.3,4.4,1.83,3.4,4.5,34,1.91,1.86,3.5,3.33,4.7,4.35,32,2.4,2.28,1.67,1.61,19,-0.5,1.91,1.86,2.04,1.96,2.11,2.97,4.49
T1,11/02/2019,Ankaragucu,Kasimpasa,3,0,H,1,0,H,8,15,5,2,16,12,4,4,3,1,0,0,3.4,3.75,2,3.5,3.7,1.9,3.3,3.55,2,3.53,3.57,2.1,3.5,3.5,2.05,3.4,3.6,2.05,33,3.7,3.42,3.8,3.53,2.1,2.03,29,1.7,1.64,2.3,2.19,18,0.5,1.85,1.78,2.1,2.04,3.15,3.66,2.27
T1,11/02/2019,Sivasspor,Akhisar Belediyespor,2,1,H,1,0,H,13,13,6,3,18,13,3,8,4,2,1,0,1.75,3.4,5,1.8,3.5,4.2,1.77,3.55,4.2,1.81,3.64,4.68,1.78,3.6,4.6,1.8,3.5,4.5,34,1.85,1.79,3.85,3.55,5,4.39,30,1.91,1.83,2.05,1.95,18,-0.75,2.11,2.03,1.85,1.79,1.79,3.84,4.67
T1,15/02/2019,Yeni Malatyaspor,Besiktas,1,2,A,0,0,D,4,18,1,7,8,20,3,10,1,1,1,0,4,3.5,1.9,3.7,3.4,1.95,3.7,3.5,1.9,3.89,3.75,1.96,3.8,3.6,1.91,3.9,3.5,1.93,32,4,3.75,3.75,3.52,2.02,1.95,30,1.9,1.82,2.05,1.96,16,0.5,1.95,1.88,2,1.94,3.69,3.62,2.06
T1,16/02/2019,Akhisar Belediyespor,Ankaragucu,0,0,D,0,0,D,17,9,8,2,11,23,9,0,4,4,0,1,1.8,3.6,4.33,1.87,3.4,4,1.85,3.55,3.95,1.91,3.72,4.05,1.88,3.6,4,1.85,3.6,4.1,32,1.93,1.87,3.8,3.56,4.33,3.99,29,1.95,1.86,2,1.91,15,-0.5,1.91,1.86,2.02,1.95,1.76,4.05,4.5
T1,16/02/2019,Bursaspor,Rizespor,0,2,A,0,1,A,17,5,2,5,14,22,8,4,3,2,0,0,1.83,3.5,4.33,1.83,3.4,4.2,1.8,3.5,4.15,1.83,3.76,4.36,1.8,3.6,4.33,1.8,3.6,4.33,31,1.89,1.84,3.76,3.52,4.37,4.15,28,2.08,1.99,1.85,1.79,14,-0.5,1.88,1.83,2.06,1.99,1.91,3.51,4.43
T1,16/02/2019,Fenerbahce,Konyaspor,1,1,D,1,1,D,17,3,3,2,16,10,11,3,3,1,0,1,1.9,3.6,3.8,1.83,3.5,4.1,1.87,3.4,4.05,1.9,3.53,4.32,1.88,3.4,4.33,1.83,3.5,4.33,32,1.95,1.87,3.6,3.43,4.35,4.14,30,2.1,2.03,1.85,1.76,15,-0.5,1.95,1.87,2.03,1.95,1.81,3.71,4.67
T1,17/02/2019,Erzurum BB,Sivasspor,4,2,H,2,1,H,12,18,6,6,15,13,2,5,2,5,0,0,2.3,3.4,3,2.45,3.3,2.7,2.35,3.2,2.9,2.43,3.36,3.05,2.38,3.25,3,2.4,3.3,2.9,31,2.55,2.4,3.4,3.24,3.05,2.91,30,2.1,2.01,1.85,1.77,15,0,1.84,1.74,2.2,2.1,2.38,3.44,3.13
T1,17/02/2019,Kasimpasa,Galatasaray,1,4,A,1,2,A,13,10,5,6,16,10,8,4,3,5,0,0,4.5,3.75,1.72,4.1,3.7,1.78,3.9,3.95,1.75,3.95,4.26,1.81,4.2,4,1.75,3.9,4,1.8,31,4.5,4.02,4.26,3.89,1.85,1.78,29,1.55,1.49,2.75,2.56,15,1,1.7,1.59,2.55,2.36,3.94,4.05,1.88
T1,17/02/2019,Kayserispor,Goztep,2,1,H,1,0,H,15,8,4,2,10,10,2,5,4,1,0,0,2.1,3.4,3.4,2.2,3.2,3.2,2.1,3.2,3.45,2.15,3.36,3.64,2.1,3.25,3.6,2.1,3.3,3.6,30,2.2,2.13,3.45,3.26,3.7,3.45,29,2.25,2.15,1.75,1.68,15,-0.25,1.88,1.82,2.08,2,2.27,3.16,3.65
T1,17/02/2019,Trabzonspor,Alanyaspor,0,2,A,0,0,D,13,10,2,6,17,17,4,2,1,2,0,0,1.9,3.75,3.6,1.87,3.7,3.6,1.93,3.6,3.5,1.99,3.81,3.65,1.95,3.7,3.6,1.95,3.75,3.6,31,2.02,1.95,3.85,3.67,3.75,3.56,29,1.68,1.63,2.4,2.23,15,-0.5,2,1.96,1.92,1.86,1.81,4.23,4.05
T1,18/02/2019,Antalyaspor,Buyuksehyr,0,1,A,0,1,A,8,17,3,8,12,15,8,5,3,2,0,0,5.5,3.8,1.61,5.25,3.75,1.6,5.6,3.8,1.57,5.92,4.1,1.58,5.8,4,1.57,6,3.9,1.57,31,6,5.66,4.1,3.84,1.65,1.58,27,2.1,2,1.85,1.77,16,1,1.87,1.78,2.11,2.04,5.26,3.94,1.69
T1,22/02/2019,Goztep,Trabzonspor,1,3,A,0,1,A,8,13,1,6,13,9,10,3,2,1,0,0,2.4,3.4,2.8,2.5,3.2,2.8,2.4,3.35,2.7,2.54,3.51,2.84,2.5,3.4,2.75,2.45,3.5,2.75,34,2.6,2.48,3.55,3.38,2.85,2.77,32,1.85,1.77,2.12,2.03,18,-0.25,2.2,2.13,1.76,1.72,2.49,3.55,2.88
T1,22/02/2019,Rizespor,Yeni Malatyaspor,3,0,H,1,0,H,14,11,6,3,11,18,3,2,2,3,0,0,1.85,3.6,4,1.87,3.4,4.1,1.83,3.45,4.1,1.89,3.67,4.28,1.85,3.5,4.2,1.87,3.5,4.2,35,1.92,1.87,3.7,3.54,4.4,4.1,34,2.1,2.03,1.85,1.77,19,-0.75,2.22,2.15,1.8,1.71,1.93,3.54,4.28
T1,23/02/2019,Alanyaspor,Kasimpasa,3,0,H,1,0,H,19,5,9,2,16,16,5,6,3,2,0,1,1.75,4.2,3.8,1.72,3.8,4.4,1.73,3.95,4.05,1.77,4.28,4.12,1.73,4.2,4.2,1.75,4,4.2,34,1.8,1.75,4.28,4.02,4.4,4.08,31,1.6,1.53,2.55,2.43,19,-1,2.42,2.33,1.7,1.6,1.74,4.1,4.65
T1,23/02/2019,Buyuksehyr,Bursaspor,3,0,H,2,0,H,11,14,6,3,13,13,3,5,0,2,0,0,1.5,4,7,1.5,3.9,7,1.5,3.85,6.3,1.5,4.07,7.37,1.5,3.9,7.5,1.53,4.1,6.5,35,1.55,1.5,4.3,3.95,7.75,6.89,32,2.1,2,1.85,1.79,21,-1,1.98,1.89,2.01,1.92,1.56,3.9,7.2
T1,23/02/2019,Sivasspor,Antalyaspor,1,2,A,0,2,A,11,8,4,4,17,9,7,5,1,2,0,0,1.66,3.75,5,1.6,4,5,1.6,3.85,4.95,1.64,4.25,5,1.6,4.2,5.25,1.6,4,5.4,35,1.7,1.62,4.25,4.02,5.5,5.03,33,1.85,1.78,2.1,2.01,20,-1,2.17,2.09,1.8,1.74,1.56,4.42,5.82
T1,24/02/2019,Ankaragucu,Erzurum BB,2,1,H,1,0,H,14,14,6,6,23,12,2,6,2,2,0,1,2.5,3.2,2.87,2.5,3.2,2.8,2.5,3.1,2.75,2.61,3.25,2.89,2.55,3.2,2.8,2.55,3.2,2.8,32,2.7,2.57,3.31,3.17,2.95,2.79,30,2.25,2.18,1.75,1.66,18,-0.25,2.27,2.19,1.75,1.68,2.91,3.14,2.71
T1,24/02/2019,Galatasaray,Akhisar Belediyespor,1,0,H,0,0,D,21,4,6,1,15,24,15,2,2,6,0,0,1.28,6,8,1.28,5.25,10,1.32,5.2,7.8,1.3,5.45,10.3,1.3,5.25,10,1.3,5.5,9,34,1.35,1.3,6,5.37,10.5,9.03,33,1.5,1.43,2.95,2.75,21,-1.5,1.92,1.86,2.1,1.95,1.3,5.56,10.32
T1,24/02/2019,Konyaspor,Kayserispor,0,1,A,0,0,D,8,10,1,2,7,10,6,4,2,1,0,0,2.05,3.3,3.6,2.1,3.1,3.7,2.1,3.05,3.65,2.14,3.18,3.9,2.1,3.1,3.8,2.05,3.2,3.8,34,2.2,2.1,3.3,3.12,3.9,3.72,32,2.5,2.37,1.62,1.56,18,-0.5,2.2,2.1,1.81,1.75,2.29,3.09,3.69
T1,25/02/2019,Besiktas,Fenerbahce,3,3,D,3,0,H,9,17,5,4,22,19,3,5,2,4,0,0,1.75,3.8,4.33,1.72,3.6,4.75,1.75,3.65,4.25,1.76,3.83,4.72,1.73,3.7,4.75,1.75,3.8,4.4,34,1.81,1.75,3.95,3.7,4.75,4.45,31,1.8,1.73,2.21,2.06,17,-1,2.45,2.37,1.65,1.58,1.95,3.55,4.19
T1,01/03/2019,Antalyaspor,Ankaragucu,2,4,A,2,3,A,17,10,5,4,8,23,4,4,3,6,0,0,1.9,3.4,4,1.95,3.3,4,1.97,3.3,3.7,2.05,3.39,3.99,2,3.25,3.9,2,3.4,3.75,34,2.05,2,3.5,3.34,4,3.82,32,2.05,1.97,1.9,1.82,19,-0.25,1.8,1.73,2.2,2.12,2.1,3.34,3.89
T1,02/03/2019,Bursaspor,Sivasspor,3,2,H,1,1,D,12,4,5,3,21,10,7,1,3,1,0,0,2.1,3.25,3.5,2.25,3.2,3.2,2.2,3.2,3.25,2.26,3.4,3.33,2.2,3.3,3.3,2.15,3.3,3.4,34,2.3,2.21,3.4,3.27,3.5,3.25,32,2.13,2.06,1.81,1.74,18,-0.5,2.3,2.21,1.74,1.68,2.06,3.53,3.79
T1,02/03/2019,Fenerbahce,Rizespor,3,2,H,2,1,H,22,9,7,4,13,13,9,2,2,4,0,1,1.6,4.2,5,1.65,3.8,5,1.6,4.05,4.85,1.6,4.41,5.21,1.6,4.2,5.25,1.6,4.2,5.2,34,1.65,1.6,4.41,4.11,5.3,5.05,31,1.65,1.6,2.45,2.31,20,-1,2.1,2.02,1.85,1.8,1.52,4.72,5.9
T1,02/03/2019,Kayserispor,Besiktas,2,2,D,0,1,A,14,10,5,4,16,11,4,7,3,3,0,0,3.75,3.4,2,3.8,3.4,1.95,3.65,3.35,1.97,3.96,3.51,1.99,3.75,3.4,2,3.7,3.4,2,34,3.96,3.74,3.6,3.38,2.06,1.99,31,2.01,1.94,1.9,1.84,18,0.25,2.22,2.12,1.8,1.73,3.79,3.61,2.03
T1,03/03/2019,Erzurum BB,Galatasaray,1,1,D,1,0,H,18,14,6,4,11,11,6,9,0,1,0,0,3.75,3.5,1.95,4.33,3.5,1.8,3.85,3.45,1.87,4.36,3.56,1.88,4.2,3.4,1.88,4,3.5,1.91,33,4.36,4.07,3.7,3.48,1.95,1.88,31,1.94,1.87,2,1.91,18,0.5,2,1.93,1.95,1.89,3.55,3.35,2.22
T1,03/03/2019,Konyaspor,Goztep,1,1,D,1,0,H,13,12,7,2,14,11,3,5,3,4,0,1,2,3.1,4.2,2.05,3.1,3.8,2,3.05,3.95,2.06,3.13,4.27,2,3.1,4.2,2,3.2,4,33,2.1,2.02,3.25,3.11,4.3,4.03,31,2.52,2.42,1.6,1.54,18,-0.5,2.1,2.02,1.85,1.81,2.18,3.19,3.85
T1,03/03/2019,Yeni Malatyaspor,Buyuksehyr,0,2,A,0,1,A,9,9,2,5,10,12,4,3,2,3,0,0,4.5,3.5,1.8,4.75,3.5,1.75,4.6,3.4,1.75,5.02,3.55,1.78,5,3.5,1.75,4.6,3.5,1.8,33,5.02,4.7,3.65,3.47,1.85,1.78,32,2.2,2.11,1.75,1.71,18,1,1.6,1.54,2.58,2.46,5.02,3.75,1.76
T1,04/03/2019,Akhisar Belediyespor,Alanyaspor,3,1,H,0,0,D,8,8,4,1,20,21,5,4,1,2,0,0,3,3.2,2.4,2.85,3.2,2.45,2.85,3.25,2.35,2.94,3.37,2.5,2.88,3.25,2.45,2.9,3.25,2.4,33,3.05,2.85,3.45,3.28,2.62,2.43,29,2.01,1.92,1.95,1.85,17,0.25,1.81,1.74,2.19,2.09,3.22,3.37,2.36
T1,04/03/2019,Kasimpasa,Trabzonspor,2,2,D,0,2,A,14,10,8,5,13,12,6,1,4,2,0,0,3.3,3.6,2.05,3.1,3.5,2.15,3.1,3.65,2.05,3.22,3.71,2.18,3.2,3.6,2.15,3.25,3.6,2.1,33,3.4,3.17,3.95,3.65,2.18,2.1,29,1.55,1.5,2.7,2.52,17,0.25,2.09,1.99,1.9,1.83,3,3.84,2.28
T1,08/03/2019,Sivasspor,Yeni Malatyaspor,2,0,H,2,0,H,13,10,5,3,18,17,6,9,1,3,0,0,1.9,3.4,4,1.83,3.5,4.2,1.9,3.4,3.8,2,3.48,4.06,2,3.4,3.8,2,3.5,3.7,34,2.05,1.96,3.65,3.44,4.2,3.87,32,1.99,1.91,1.95,1.88,20,-0.5,2.04,1.97,1.95,1.86,2.02,3.44,4.03
T1,09/03/2019,Ankaragucu,Bursaspor,0,0,D,0,0,D,10,12,4,2,11,7,5,4,1,1,0,0,2.87,3.2,2.5,2.85,2.9,2.65,2.85,3,2.5,3.1,2.89,2.71,2.9,3.1,2.55,2.88,3.2,2.5,21,3.1,2.91,3.2,3.01,2.71,2.57,19,2.35,2.27,1.7,1.62,13,0.25,1.75,1.69,2.25,2.18,3.3,3.25,2.38
T1,09/03/2019,Buyuksehyr,Fenerbahce,2,1,H,1,0,H,17,12,3,4,14,10,3,4,2,2,0,0,1.95,3.4,3.9,2,3.25,3.75,1.93,3.35,3.8,2.01,3.37,4.09,1.95,3.4,3.9,1.95,3.4,3.9,34,2.03,1.97,3.6,3.37,4.09,3.82,31,2.05,1.99,1.87,1.81,19,-0.25,1.75,1.7,2.25,2.17,2.11,3.43,3.75
T1,09/03/2019,Trabzonspor,Akhisar Belediyespor,2,1,H,0,0,D,17,10,8,4,20,21,7,0,5,3,0,0,1.5,4.2,6.25,1.5,4.2,6,1.53,4.2,5.3,1.53,4.44,5.95,1.52,4.33,5.8,1.53,4.33,5.75,34,1.6,1.53,4.55,4.25,6.25,5.62,30,1.62,1.57,2.5,2.37,20,-1,1.96,1.89,2.01,1.94,1.64,4.06,5.5
T1,10/03/2019,Alanyaspor,Erzurum BB,2,1,H,1,0,H,18,6,6,3,13,21,6,2,1,2,0,0,1.75,3.6,4.75,1.78,3.5,4.5,1.75,3.55,4.5,1.78,3.72,4.76,1.78,3.6,4.6,1.75,3.6,4.6,33,1.82,1.77,3.8,3.58,4.85,4.53,31,2.1,2,1.86,1.8,19,-0.5,1.8,1.77,2.15,2.07,1.77,3.75,4.91
T1,10/03/2019,Besiktas,Konyaspor,3,2,H,2,1,H,20,4,12,3,14,20,9,1,2,3,0,0,1.57,3.75,6,1.6,4,5,1.6,3.85,5.2,1.61,4.01,5.75,1.6,3.9,5.8,1.6,4,5.5,32,1.65,1.6,4.2,3.93,6,5.38,30,1.91,1.84,2.05,1.95,21,-1,2.12,2.06,1.85,1.79,1.56,4.28,6.16
T1,10/03/2019,Goztep,Kasimpasa,0,0,D,0,0,D,12,4,2,2,14,25,7,1,1,3,0,0,1.95,3.6,3.6,1.91,3.6,3.7,1.93,3.6,3.5,1.96,3.75,3.79,1.95,3.6,3.75,1.93,3.75,3.7,33,2.03,1.95,3.9,3.66,3.79,3.6,30,1.65,1.6,2.4,2.28,19,-0.25,1.76,1.71,2.24,2.16,2.2,3.55,3.38
T1,10/03/2019,Rizespor,Kayserispor,3,0,H,1,0,H,12,16,6,4,14,10,4,5,3,1,0,0,2.15,3.3,3.4,2.2,3.25,3.3,2.15,3.3,3.2,2.24,3.31,3.45,2.2,3.3,3.3,2.15,3.4,3.3,33,2.25,2.19,3.5,3.3,3.45,3.28,32,2.06,1.99,1.86,1.8,19,-0.5,2.25,2.19,1.76,1.69,2.34,3.25,3.37
T1,11/03/2019,Galatasaray,Antalyaspor,5,0,H,1,0,H,15,14,7,7,5,11,6,6,2,1,0,0,1.28,6,8.5,1.3,5,10,1.3,5.2,8.6,1.3,5.52,10.03,1.29,5.5,10,1.29,5.5,10,33,1.32,1.29,7,5.41,11.5,9.48,28,1.6,1.53,2.55,2.43,20,-1.5,1.9,1.85,2.04,1.96,1.25,6.42,11.21
T1,15/03/2019,Fenerbahce,Sivasspor,2,1,H,0,0,D,15,11,5,2,10,20,9,7,3,2,0,0,1.45,4.75,6,1.48,4.4,6,1.47,4.45,5.7,1.5,4.65,6.39,1.47,4.4,6.5,1.5,4.6,6,32,1.52,1.48,4.82,4.48,6.5,6.01,31,1.54,1.5,2.69,2.55,22,-1,1.83,1.78,2.15,2.06,1.46,4.85,6.75
T1,16/03/2019,Akhisar Belediyespor,Kasimpasa,2,3,A,1,1,D,15,16,7,7,11,15,7,6,1,0,0,0,2.3,3.5,2.9,2.3,3.6,2.8,2.25,3.55,2.8,2.41,3.77,2.8,2.3,3.6,2.88,2.25,3.7,2.88,32,2.41,2.32,3.77,3.6,2.95,2.81,29,1.65,1.59,2.45,2.32,19,-0.25,2.09,2.01,1.88,1.82,2.66,3.5,2.71
T1,16/03/2019,Antalyaspor,Alanyaspor,3,0,H,2,0,H,9,12,4,5,17,10,1,5,3,2,0,0,3.25,3.5,2.1,3.2,3.4,2.15,3.3,3.3,2.1,3.47,3.37,2.21,3.4,3.3,2.15,3.3,3.4,2.15,33,3.5,3.32,3.5,3.32,2.26,2.17,31,2.02,1.95,1.9,1.84,19,0.5,1.76,1.71,2.23,2.16,3.51,3.39,2.21
T1,16/03/2019,Besiktas,Goztep,1,0,H,0,0,D,6,13,1,5,20,13,3,4,0,2,0,0,1.44,4.5,6.5,1.45,4.6,6.25,1.47,4.35,5.9,1.48,4.4,6.84,1.44,4.4,7,1.45,4.6,6.5,33,1.5,1.46,5.25,4.44,7.02,6.38,30,1.6,1.53,2.6,2.45,21,-1,1.8,1.75,2.17,2.1,1.42,4.91,7.49
T1,16/03/2019,Erzurum BB,Trabzonspor,0,1,A,0,0,D,20,13,7,3,11,13,3,4,2,3,0,0,2.6,3.4,2.6,2.55,3.5,2.55,2.6,3.4,2.5,2.66,3.82,2.5,2.62,3.6,2.5,2.7,3.4,2.55,34,2.75,2.62,3.82,3.51,2.65,2.52,32,1.92,1.83,2.03,1.95,19,0.25,1.75,1.69,2.28,2.19,2.43,3.68,2.88
T1,16/03/2019,Konyaspor,Rizespor,0,2,A,0,1,A,9,10,1,4,16,17,6,3,1,2,1,0,2.1,3.4,3.4,2.1,3.3,3.4,2.2,3.15,3.25,2.24,3.17,3.62,2.2,3.2,3.4,2.2,3.3,3.3,32,2.3,2.2,3.4,3.2,3.65,3.38,31,2.17,2.08,1.8,1.73,19,-0.25,1.95,1.89,1.99,1.94,2.37,3.32,3.25
T1,17/03/2019,Bursaspor,Galatasaray,2,3,A,2,1,H,13,9,5,3,13,8,5,3,2,6,0,0,3.4,3.4,2.1,3.1,3.4,2.2,3.35,3.25,2.1,3.62,3.36,2.15,3.6,3.3,2.1,3.5,3.4,2.1,34,3.65,3.4,3.5,3.32,2.2,2.12,32,2.05,1.98,1.9,1.82,19,0.25,2.07,2,1.9,1.83,3.25,3.25,2.41
T1,17/03/2019,Kayserispor,Buyuksehyr,1,1,D,1,0,H,12,34,6,10,14,9,1,15,2,1,0,0,4.5,3.5,1.8,4.5,3.5,1.78,4.3,3.3,1.83,4.62,3.35,1.9,4.5,3.3,1.88,4.33,3.4,1.87,34,4.65,4.37,3.55,3.33,1.93,1.86,32,2.3,2.2,1.73,1.65,19,0.75,1.77,1.71,2.21,2.14,4.18,3.34,2.02
T1,17/03/2019,Yeni Malatyaspor,Ankaragucu,3,1,H,0,0,D,8,11,4,3,12,15,4,4,2,2,0,0,2.1,3.3,3.5,2.1,3.3,3.4,2.1,3.15,3.4,2.18,3.22,3.74,2.15,3.2,3.6,2.15,3.3,3.4,34,2.25,2.15,3.35,3.21,3.74,3.49,33,2.21,2.11,1.77,1.71,19,-0.5,2.23,2.14,1.77,1.72,2.31,3.32,3.36
T1,05/04/2019,Trabzonspor,Antalyaspor,4,1,H,1,1,D,21,12,7,3,12,12,8,1,1,1,0,0,1.57,4,5.75,1.55,4.1,5.5,1.57,4,5,1.6,4.19,5.72,1.57,4,5.8,1.6,4,5.5,34,1.62,1.58,4.3,4.06,6.01,5.46,30,1.68,1.62,2.5,2.24,20,-1,2.05,1.99,1.9,1.84,1.6,4.22,5.66
T1,06/04/2019,Alanyaspor,Bursaspor,1,0,H,0,0,D,18,10,4,3,15,13,4,2,6,2,0,0,2.1,3.25,3.6,2.1,3.2,3.5,2.05,3.2,3.6,2.09,3.31,3.89,2.1,3.2,3.75,2.1,3.25,3.6,34,2.15,2.07,3.4,3.22,4.05,3.67,30,2.31,2.21,1.7,1.64,18,-0.25,1.85,1.79,2.12,2.05,2.08,3.35,3.96
T1,06/04/2019,Galatasaray,Yeni Malatyaspor,3,0,H,1,0,H,25,8,6,2,9,14,12,1,2,2,0,0,1.36,4.75,8.5,1.4,5,6.5,1.37,4.7,7.1,1.43,4.87,6.92,1.38,4.75,8,1.36,5,8,34,1.43,1.39,5.05,4.74,8.5,7.38,30,1.67,1.62,2.35,2.24,19,-1.5,2.22,2.13,1.8,1.72,1.38,5.25,7.74
T1,06/04/2019,Sivasspor,Kayserispor,1,3,A,0,3,A,17,10,8,8,14,14,4,4,2,3,0,0,1.75,3.6,4.75,1.72,3.75,4.6,1.77,3.55,4.3,1.83,3.77,4.38,1.78,3.6,4.5,1.75,3.7,4.6,34,1.85,1.78,3.85,3.64,4.75,4.41,31,2.02,1.91,1.95,1.87,18,-0.75,2.08,2.02,1.87,1.81,1.85,3.84,4.27
T1,07/04/2019,Ankaragucu,Fenerbahce,1,1,D,1,0,H,12,14,3,6,20,8,5,7,4,3,1,1,5,3.6,1.7,4.33,3.7,1.75,4.45,3.65,1.73,4.71,3.74,1.78,4.75,3.6,1.75,4.6,3.75,1.73,33,5,4.55,3.9,3.67,1.8,1.75,31,1.92,1.84,2.01,1.94,18,0.75,1.93,1.86,2.01,1.96,4.26,3.58,1.93
T1,07/04/2019,Buyuksehyr,Konyaspor,2,0,H,0,0,D,15,13,4,4,9,11,8,5,1,2,0,0,1.44,3.8,9,1.48,4,7,1.45,4.1,6.9,1.43,4.48,7.94,1.42,4.33,8,1.45,4.2,7.5,32,1.5,1.45,4.48,4.17,9,7.4,30,2.08,1.99,1.87,1.8,17,-1.25,2.2,2.08,1.81,1.76,1.32,5.24,10.89
T1,07/04/2019,Goztep,Akhisar Belediyespor,0,1,A,0,0,D,19,12,5,3,15,15,14,7,3,3,0,0,1.9,3.5,4,1.91,3.5,3.8,1.87,3.4,3.95,1.97,3.43,4.17,1.91,3.4,4.2,1.87,3.5,4.2,31,1.97,1.91,3.53,3.42,4.35,4.01,29,2.08,2,1.85,1.79,16,-0.5,1.96,1.9,2,1.92,1.83,3.71,4.6
T1,07/04/2019,Kasimpasa,Erzurum BB,2,1,H,1,0,H,19,13,5,3,15,11,6,4,1,1,0,0,2,3.4,3.75,2,3.6,3.4,2.05,3.5,3.3,2.12,3.65,3.43,2.1,3.5,3.4,2.1,3.6,3.3,33,2.15,2.06,3.75,3.53,3.75,3.36,32,1.76,1.69,2.25,2.13,18,-0.25,1.88,1.81,2.1,2.02,1.99,3.97,3.58
T1,08/04/2019,Rizespor,Besiktas,2,7,A,1,2,A,19,11,6,11,8,10,3,2,1,2,0,0,3.8,3.5,1.95,3.8,3.6,1.9,3.45,3.55,1.97,3.73,3.52,2.06,3.6,3.5,2,3.5,3.6,2,32,3.8,3.58,3.8,3.52,2.06,2,29,1.75,1.7,2.25,2.12,17,0.5,1.9,1.82,2.07,2.01,2.94,3.6,2.42
T1,12/04/2019,Bursaspor,Trabzonspor,0,1,A,0,0,D,18,11,3,3,18,11,10,7,3,3,0,0,2.37,3.3,3,2.4,3.4,2.75,2.3,3.25,3,2.4,3.39,3.13,2.35,3.3,3,2.3,3.4,3,33,2.42,2.35,3.45,3.31,3.2,3,31,2.04,1.95,1.93,1.84,18,-0.25,2.09,2.01,1.9,1.83,2.33,3.54,3.13
T1,13/04/2019,Besiktas,Buyuksehyr,2,1,H,1,1,D,15,13,6,5,16,18,10,4,2,2,0,0,2.2,3.4,3.2,2.2,3.3,3.2,2.25,3.3,3.05,2.28,3.44,3.24,2.25,3.3,3.2,2.25,3.4,3.1,33,2.35,2.24,3.5,3.35,3.26,3.13,30,1.87,1.81,2.08,1.99,17,-0.25,2.01,1.95,1.94,1.88,2.66,3.6,2.65
T1,13/04/2019,Konyaspor,Sivasspor,1,1,D,1,1,D,6,8,3,3,13,10,0,4,2,1,0,0,2.1,3.2,3.6,2.2,3.3,3.2,2.15,3.2,3.3,2.21,3.33,3.51,2.15,3.3,3.4,2.15,3.3,3.4,33,2.25,2.16,3.45,3.28,3.6,3.36,31,2.1,2.03,1.85,1.77,17,-0.5,2.25,2.16,1.76,1.71,2.23,3.41,3.44
T1,13/04/2019,Rizespor,Goztep,1,0,H,0,0,D,15,8,8,2,18,15,3,6,2,1,0,0,1.9,3.75,3.6,1.9,3.6,3.8,1.87,3.55,3.75,1.92,3.73,3.98,1.91,3.6,3.8,1.91,3.6,3.9,32,1.97,1.9,3.8,3.62,4.05,3.8,29,1.87,1.8,2.1,1.99,17,-0.5,1.97,1.92,1.96,1.91,2.23,3.57,3.31
T1,14/04/2019,Antalyaspor,Kasimpasa,1,0,H,1,0,H,10,25,5,7,17,13,4,5,2,2,1,0,2.55,3.6,2.5,2.55,3.5,2.55,2.55,3.45,2.5,2.66,3.61,2.6,2.6,3.5,2.55,2.6,3.6,2.5,32,2.7,2.59,3.7,3.52,2.65,2.53,29,1.67,1.62,2.4,2.26,17,0.25,1.75,1.68,2.31,2.22,2.75,3.47,2.64
T1,14/04/2019,Fenerbahce,Galatasaray,1,1,D,0,0,D,6,14,2,2,16,12,2,5,5,4,1,0,2.4,3.5,2.7,2.25,3.4,3,2.4,3.35,2.75,2.5,3.29,3,2.4,3.4,2.88,2.45,3.5,2.75,32,2.5,2.42,3.55,3.34,3.05,2.86,30,1.82,1.75,2.15,2.05,17,-0.25,2.16,2.1,1.81,1.75,2.46,3.5,2.96
T1,14/04/2019,Kayserispor,Ankaragucu,0,2,A,0,0,D,12,12,3,6,6,13,2,6,0,1,0,0,1.8,3.75,4.2,1.8,3.5,4.35,1.73,3.5,4.55,1.77,3.69,4.86,1.75,3.6,4.8,1.75,3.6,4.6,32,1.8,1.77,3.75,3.57,4.95,4.59,31,2.1,2.02,1.85,1.78,17,-0.5,1.81,1.76,2.17,2.09,1.79,3.6,5.06
T1,14/04/2019,Yeni Malatyaspor,Alanyaspor,1,1,D,1,1,D,18,8,5,4,14,15,3,4,1,5,1,1,2.8,3.2,2.6,2.65,3.3,2.55,2.7,3.2,2.5,2.83,3.37,2.58,2.8,3.25,2.55,2.75,3.3,2.55,32,2.85,2.74,3.4,3.26,2.65,2.56,30,2.05,1.96,1.89,1.83,17,0.25,1.75,1.69,2.28,2.19,2.85,3.41,2.59
T1,15/04/2019,Erzurum BB,Akhisar Belediyespor,2,1,H,0,0,D,16,13,5,8,11,9,6,3,1,2,0,0,1.85,3.75,3.8,1.95,3.5,3.75,1.97,3.45,3.55,2.06,3.55,3.68,2,3.4,3.7,2,3.5,3.6,31,2.07,1.99,3.75,3.48,3.8,3.61,27,1.91,1.84,2.01,1.94,16,-0.5,2.05,2,1.88,1.82,1.96,3.78,3.87
T1,19/04/2019,Kasimpasa,Bursaspor,1,1,D,0,0,D,10,17,2,5,16,15,3,4,2,1,0,0,2.45,3.4,2.8,2.35,3.4,2.85,2.45,3.35,2.7,2.57,3.5,2.76,2.45,3.4,2.8,2.45,3.5,2.75,35,2.6,2.47,3.55,3.39,2.85,2.73,34,1.85,1.76,2.12,2.04,19,-0.25,2.22,2.15,1.77,1.71,2.75,3.56,2.59
T1,20/04/2019,Akhisar Belediyespor,Antalyaspor,1,2,A,0,2,A,21,10,9,6,15,8,17,1,2,2,0,0,1.85,3.5,4.33,1.83,3.75,3.9,1.83,3.65,3.9,1.84,4.08,3.95,1.91,3.75,3.7,1.83,3.7,4.1,33,1.91,1.85,4.08,3.72,4.33,3.86,31,1.82,1.76,2.1,2.02,18,-0.5,1.89,1.85,2.07,1.97,1.69,4.21,4.79
T1,20/04/2019,Galatasaray,Kayserispor,3,1,H,3,1,H,17,11,7,5,9,16,6,3,3,5,0,1,1.36,4.75,8,1.33,5.25,8,1.35,4.9,7.5,1.34,5.14,9.22,1.35,4.75,9,1.33,5,9,34,1.4,1.35,5.5,4.97,9.22,8.2,31,1.6,1.52,2.6,2.46,21,-1.5,2.05,1.97,1.91,1.84,1.23,7.03,11.49
T1,20/04/2019,Goztep,Erzurum BB,0,1,A,0,1,A,22,11,5,6,17,12,11,6,2,3,0,0,2.1,3.3,3.5,2.1,3.2,3.5,2.1,3.25,3.4,2.16,3.39,3.57,2.15,3.3,3.5,2.1,3.4,3.5,33,2.25,2.13,3.45,3.3,3.6,3.41,32,2.1,2.03,1.83,1.76,18,-0.25,1.9,1.83,2.06,2,1.81,3.75,4.67
T1,20/04/2019,Trabzonspor,Yeni Malatyaspor,2,1,H,1,1,D,20,11,8,3,13,15,7,3,2,3,0,1,1.57,4,5.5,1.55,4.2,5.5,1.55,4.15,5.2,1.56,4.32,5.74,1.57,4.2,5.5,1.53,4.3,5.75,34,1.6,1.56,4.5,4.17,5.75,5.42,31,1.65,1.59,2.41,2.29,20,-1,2,1.92,1.96,1.9,1.4,5.23,7.27
T1,21/04/2019,Alanyaspor,Fenerbahce,1,0,H,0,0,D,25,7,8,1,12,14,10,4,0,1,0,0,2.4,3.3,2.9,2.5,3.2,2.8,2.4,3.35,2.75,2.53,3.48,2.82,2.45,3.4,2.8,2.45,3.4,2.8,34,2.6,2.45,3.55,3.36,2.9,2.77,31,1.85,1.79,2.1,2,18,-0.25,2.2,2.11,1.8,1.74,2.57,3.38,2.9
T1,21/04/2019,Ankaragucu,Konyaspor,0,0,D,0,0,D,14,12,6,1,15,15,1,4,1,2,0,0,2.37,3.25,3,2.4,3.2,2.95,2.4,3.1,2.95,2.52,3.11,3.14,2.45,3.1,3,2.38,3.25,3,34,2.52,2.41,3.3,3.14,3.15,2.98,33,2.25,2.14,1.8,1.69,18,-0.25,2.15,2.07,1.83,1.77,2.88,2.82,3.05
T1,21/04/2019,Buyuksehyr,Rizespor,1,1,D,0,0,D,16,9,5,1,14,19,7,2,0,4,0,0,1.36,4.75,8.5,1.3,5.25,9,1.35,4.9,7.6,1.33,5.18,9.58,1.33,5,9,1.36,5,8,34,1.4,1.34,5.5,4.95,9.58,8.39,31,1.61,1.55,2.55,2.38,22,-1.5,2.08,2,1.9,1.81,1.32,5.82,8.94
T1,22/04/2019,Sivasspor,Besiktas,1,2,A,1,1,D,8,21,4,6,18,15,4,8,1,3,0,0,3.75,3.6,1.9,3.4,3.75,1.95,3.35,3.75,1.93,3.51,3.96,1.99,3.5,3.8,1.95,3.5,3.8,1.95,33,3.75,3.44,4,3.75,2.05,1.95,29,1.55,1.51,2.65,2.47,18,0.5,1.92,1.85,2.01,1.96,3.35,3.79,2.13
T1,26/04/2019,Buyuksehyr,Goztep,0,2,A,0,1,A,23,8,5,4,11,10,9,1,2,1,0,0,1.25,5.25,13,1.26,5.25,11.5,1.26,5.4,9.7,1.27,5.8,11.02,1.25,5.5,13,1.25,5.75,12,34,1.28,1.26,6,5.55,13,10.75,30,1.61,1.56,2.5,2.36,22,-1.5,1.85,1.78,2.12,2.04,1.4,4.69,8.78
T1,27/04/2019,Antalyaspor,Erzurum BB,1,1,D,1,0,H,11,17,2,4,7,8,2,5,1,1,0,0,2.55,3.3,2.7,2.4,3.25,2.9,2.45,3.25,2.7,2.58,3.34,2.86,2.5,3.25,2.8,2.55,3.3,2.75,34,2.6,2.49,3.5,3.28,2.9,2.77,32,1.92,1.86,2.01,1.92,17,0,1.9,1.83,2.1,2,2.41,3.53,3.01
T1,27/04/2019,Fenerbahce,Trabzonspor,1,1,D,0,1,A,16,17,5,5,17,20,5,2,5,2,1,0,2,3.5,3.6,2.05,3.5,3.4,2,3.65,3.25,2.14,3.69,3.33,2.1,3.6,3.25,2.05,3.7,3.3,33,2.15,2.07,3.9,3.62,3.6,3.28,30,1.6,1.55,2.55,2.39,17,-0.25,1.85,1.82,2.1,2.03,1.93,3.86,3.9
T1,27/04/2019,Rizespor,Sivasspor,0,0,D,0,0,D,23,6,5,3,10,11,5,2,1,3,0,0,2,3.5,3.6,2,3.5,3.5,2,3.55,3.35,2.02,3.49,3.89,2,3.4,3.7,2.05,3.5,3.5,34,2.1,2.03,3.8,3.48,3.89,3.5,31,1.68,1.62,2.35,2.23,18,-0.5,2.1,2.02,1.87,1.81,1.82,4.06,4.2
T1,28/04/2019,Besiktas,Ankaragucu,4,1,H,1,0,H,10,15,5,8,15,18,2,9,2,3,0,0,1.33,5.25,8,1.36,5,7.5,1.35,5.1,7.4,1.34,5.39,8.45,1.33,5.25,8.5,1.33,5.25,8.5,34,1.36,1.34,5.5,5.15,8.55,7.89,31,1.51,1.47,2.76,2.6,22,-1.5,2.01,1.94,1.95,1.87,1.27,6.36,9.94
T1,28/04/2019,Bursaspor,Akhisar Belediyespor,0,0,D,0,0,D,20,11,2,2,17,14,7,4,1,3,0,0,1.61,3.8,5.5,1.67,3.7,5,1.67,3.75,4.75,1.68,4.11,4.85,1.63,4,5,1.65,3.8,5.2,33,1.71,1.66,4.11,3.85,5.5,4.83,31,1.94,1.86,1.98,1.92,18,-1,2.31,2.21,1.72,1.67,1.66,4.16,5.16
T1,28/04/2019,Kayserispor,Alanyaspor,1,1,D,1,1,D,13,15,7,3,16,16,2,6,2,3,0,0,2.75,3.4,2.45,2.75,3.2,2.55,2.8,3.2,2.45,2.96,3.19,2.6,2.8,3.25,2.5,2.8,3.4,2.45,34,2.96,2.8,3.4,3.21,2.65,2.5,32,2,1.93,1.92,1.85,18,0,2.11,2.04,1.85,1.8,3.77,3.61,2.04
T1,29/04/2019,Konyaspor,Galatasaray,0,0,D,0,0,D,4,11,2,0,8,6,4,7,1,1,0,0,5,3.6,1.7,4.75,3.6,1.72,4.6,3.6,1.7,4.71,3.9,1.74,4.75,3.75,1.73,4.8,3.75,1.7,34,5,4.55,3.9,3.67,1.8,1.74,30,2,1.93,1.95,1.85,17,0.5,2.25,2.11,1.79,1.73,5.34,3.89,1.69
T1,29/04/2019,Yeni Malatyaspor,Kasimpasa,2,1,H,0,1,A,12,12,5,6,9,15,12,3,3,5,0,0,2.4,3.4,2.75,2.45,3.25,2.85,2.4,3.35,2.7,2.52,3.25,3.02,2.45,3.25,2.9,2.45,3.4,2.8,34,2.55,2.45,3.55,3.29,3.03,2.81,29,1.8,1.74,2.2,2.06,16,-0.25,2.2,2.12,1.8,1.74,2.32,3.5,3.19
T1,03/05/2019,Sivasspor,Buyuksehyr,0,0,D,0,0,D,5,12,1,5,15,16,2,9,3,4,0,0,4.75,3.6,1.72,4.6,3.6,1.75,4.3,3.6,1.75,4.59,3.82,1.8,4.5,3.7,1.75,4.5,3.75,1.75,32,4.8,4.4,3.84,3.69,1.83,1.77,30,1.85,1.78,2.1,2.01,17,0.5,2.14,2.07,1.85,1.77,4.67,3.89,1.78
T1,04/05/2019,Ankaragucu,Rizespor,2,2,D,0,1,A,10,16,3,5,15,13,7,4,5,2,0,0,2.55,3.4,2.62,2.5,3.4,2.65,2.55,3.25,2.65,2.67,3.25,2.82,2.6,3.3,2.7,2.6,3.3,2.7,34,2.67,2.57,3.42,3.28,2.82,2.69,32,1.87,1.81,2.07,1.98,18,0,1.95,1.88,2.01,1.95,3.14,3.34,2.42
T1,04/05/2019,Erzurum BB,Bursaspor,2,0,H,0,0,D,8,15,3,2,9,11,4,7,3,2,0,0,2.3,3.2,3.1,2.35,3.2,3,2.35,3.15,2.95,2.51,3.25,3.03,2.45,3.25,2.9,2.38,3.25,3,34,2.51,2.38,3.3,3.2,3.15,3,33,2.21,2.13,1.76,1.7,18,0,1.76,1.71,2.25,2.16,2.72,3.03,3
T1,04/05/2019,Kasimpasa,Fenerbahce,1,3,A,1,1,D,9,14,2,6,15,12,5,9,5,0,0,0,3.3,3.75,2.05,3.1,3.6,2.1,3.2,3.6,2.05,3.35,3.82,2.09,3.2,3.7,2.1,3.13,3.75,2.1,33,3.35,3.18,3.82,3.62,2.17,2.1,30,1.65,1.57,2.48,2.35,18,0.5,1.81,1.75,2.16,2.09,3.51,3.99,2.01
T1,05/05/2019,Akhisar Belediyespor,Yeni Malatyaspor,0,2,A,0,0,D,19,12,5,4,13,16,5,3,2,3,0,0,1.9,3.5,4,1.87,3.6,3.9,1.9,3.45,3.8,1.93,3.62,4.04,1.91,3.5,4,1.9,3.6,3.9,33,1.93,1.9,3.65,3.51,4.05,3.86,31,1.92,1.86,2.02,1.92,18,-0.5,1.95,1.9,1.99,1.92,2.02,3.67,3.78
T1,05/05/2019,Galatasaray,Besiktas,2,0,H,1,0,H,16,14,7,5,14,17,5,3,2,7,0,0,1.9,4,3.5,1.87,3.9,3.9,1.87,3.7,3.65,1.91,3.94,3.81,1.88,3.8,3.75,1.87,3.9,3.7,34,1.93,1.88,4,3.8,3.9,3.69,31,1.6,1.54,2.55,2.4,19,-0.5,1.93,1.89,2,1.93,1.93,3.89,3.89
T1,05/05/2019,Goztep,Antalyaspor,4,1,H,2,1,H,17,9,11,1,7,9,6,0,0,6,0,1,1.57,4,5.5,1.57,4,5.5,1.57,3.95,5.1,1.61,4.37,5.13,1.57,4.2,5.5,1.57,4,5.75,33,1.65,1.59,4.5,4.06,5.75,5.25,31,1.9,1.83,2.04,1.95,21,-1,2.11,2.05,1.85,1.79,1.63,4.27,5.28
T1,06/05/2019,Alanyaspor,Konyaspor,2,4,A,1,2,A,18,8,7,4,16,13,11,6,3,6,0,0,2.05,3.4,3.5,2,3.25,3.75,2.05,3.25,3.55,2.11,3.34,3.75,2.05,3.25,3.75,2.05,3.3,3.7,34,2.11,2.04,3.45,3.29,3.95,3.65,31,2.2,2.1,1.8,1.71,18,-0.5,2.13,2.06,1.85,1.77,1.93,3.55,4.3
T1,06/05/2019,Trabzonspor,Kayserispor,4,2,H,2,1,H,19,16,7,4,14,10,5,3,2,3,0,0,1.45,4.5,6.5,1.45,4.5,6.25,1.48,4.2,6,1.5,4.31,6.82,1.47,4.33,6.5,1.5,4.4,6.25,33,1.53,1.48,4.7,4.34,6.82,6.23,28,1.62,1.59,2.38,2.29,18,-1,1.85,1.8,2.1,2.03,1.56,4.34,5.93
T1,10/05/2019,Antalyaspor,Bursaspor,0,1,A,0,1,A,3,16,1,5,13,20,0,8,4,3,1,0,3.4,3.4,2.1,3.3,3.4,2.1,3.25,3.35,2.1,3.51,3.62,2.12,3.4,3.5,2.1,3.4,3.5,2.1,35,3.51,3.3,3.62,3.41,2.2,2.12,33,1.95,1.87,1.99,1.91,18,0.5,1.81,1.74,2.19,2.12,3.48,3.6,2.14
T1,11/05/2019,Fenerbahce,Akhisar Belediyespor,2,1,H,2,1,H,10,5,5,1,17,26,2,1,3,3,0,0,1.28,5.5,11,1.33,5,8.75,1.3,5.3,8.4,1.29,5.61,10.19,1.3,5.25,10,1.29,5.5,10,34,1.33,1.29,5.7,5.3,11,9.11,30,1.52,1.48,2.72,2.56,20,-1.5,1.89,1.84,2.03,1.96,1.29,5.87,10.35
T1,11/05/2019,Goztep,Sivasspor,3,3,D,1,2,A,20,9,8,4,14,10,6,1,3,0,1,0,1.72,4,4.2,1.7,3.9,4.5,1.7,3.8,4.3,1.75,4.08,4.44,1.73,3.9,4.4,1.73,3.9,4.4,34,1.79,1.73,4.08,3.85,4.55,4.3,31,1.74,1.69,2.24,2.14,19,-0.5,1.78,1.73,2.21,2.12,2.03,3.51,3.91
T1,11/05/2019,Rizespor,Galatasaray,2,3,A,1,1,D,13,12,3,5,17,10,3,1,5,1,1,0,5.25,3.9,1.61,4.6,4,1.65,4.6,4,1.63,5.17,4.22,1.63,4.8,4.2,1.63,4.75,4.2,1.65,34,5.25,4.75,4.3,4.06,1.67,1.63,30,1.6,1.53,2.55,2.42,20,1,1.83,1.76,2.17,2.07,4.12,3.87,1.88
T1,12/05/2019,Buyuksehyr,Ankaragucu,2,1,H,0,1,A,20,8,7,1,12,12,5,2,0,1,0,0,1.25,5.5,12,1.25,5.5,12,1.27,5.4,9.2,1.27,5.7,11.18,1.27,5.5,11,1.25,6,11,34,1.3,1.27,6,5.53,12,10.2,31,1.59,1.54,2.55,2.42,22,-1.5,1.87,1.81,2.08,2,1.51,4.34,6.83
T1,12/05/2019,Kayserispor,Kasimpasa,2,1,H,0,1,A,19,7,6,6,11,15,13,5,4,4,0,1,2.3,3.4,3,2.4,3.3,2.85,2.25,3.2,3.1,2.32,3.27,3.32,2.25,3.6,3,2.3,3.25,3.13,34,2.42,2.3,3.6,3.28,3.32,3.06,31,1.7,1.63,2.33,2.22,18,0,1.7,1.65,2.35,2.26,2.2,3.4,3.55
T1,12/05/2019,Konyaspor,Trabzonspor,2,2,D,2,1,H,7,19,4,6,13,11,5,5,4,1,0,0,3.5,3.25,2.1,3.4,3.2,2.15,3.25,3.3,2.15,3.54,3.3,2.21,3.4,3.3,2.15,3.3,3.4,2.15,34,3.55,3.32,3.5,3.29,2.24,2.16,32,1.96,1.86,2,1.92,19,0.5,1.77,1.71,2.21,2.15,2.78,3.42,2.64
T1,12/05/2019,Yeni Malatyaspor,Erzurum BB,3,1,H,0,0,D,15,21,9,5,16,18,4,9,3,3,0,0,2.4,3.25,2.9,2.4,3.25,2.9,2.4,3.3,2.8,2.5,3.5,2.84,2.45,3.4,2.8,2.45,3.4,2.8,34,2.5,2.42,3.5,3.33,2.9,2.8,32,1.94,1.86,1.99,1.92,18,0,1.84,1.78,2.13,2.05,2.01,3.77,3.7
T1,13/05/2019,Besiktas,Alanyaspor,2,1,H,1,1,D,12,9,4,3,17,20,2,5,2,1,0,0,1.44,4.2,7.5,1.5,4,6.5,1.5,4.3,5.7,1.46,4.48,7.07,1.47,4.4,6.5,1.5,4.5,6,34,1.55,1.48,4.6,4.31,7.5,6.2,29,1.57,1.53,2.55,2.41,19,-1,1.85,1.76,2.16,2.07,1.57,4.57,5.41
T1,17/05/2019,Kasimpasa,Konyaspor,1,1,D,0,1,A,18,12,3,4,13,9,6,7,1,1,0,0,2.4,3.6,2.7,2.55,3.5,2.55,2.45,3.45,2.65,2.57,3.5,2.81,2.55,3.5,2.6,2.45,3.6,2.7,32,2.65,2.47,3.75,3.43,2.86,2.71,29,1.71,1.63,2.35,2.21,19,0,1.91,1.83,2.08,2,2.4,3.47,3.06
T1,18/05/2019,Antalyaspor,Yeni Malatyaspor,3,0,H,1,0,H,17,12,5,2,16,13,5,4,2,4,0,1,2.62,3.5,2.5,2.5,3.4,2.65,2.65,3.3,2.5,2.71,3.41,2.59,2.75,3.3,2.55,2.75,3.4,2.5,31,2.83,2.67,3.52,3.33,2.65,2.54,30,1.88,1.81,2.06,1.96,18,0,2.06,1.98,1.91,1.84,3.07,3.26,2.51
T1,18/05/2019,Trabzonspor,Besiktas,2,1,H,0,0,D,19,8,8,3,12,9,7,4,3,2,0,0,2.75,3.75,2.3,2.65,3.7,2.35,2.6,3.75,2.3,2.68,3.85,2.39,2.7,3.75,2.35,2.63,3.8,2.38,31,2.75,2.67,4,3.73,2.41,2.35,29,1.46,1.42,2.95,2.74,18,0,2.09,2.03,1.85,1.8,2.61,3.95,2.53
T1,19/05/2019,Akhisar Belediyespor,Kayserispor,2,2,D,1,0,H,16,21,4,8,15,10,5,7,3,2,0,0,3.4,3.4,2.1,3.4,3.5,2.05,3.4,3.5,2,3.48,3.62,2.05,3.4,3.6,2.05,3.4,3.6,2.05,32,3.6,3.42,3.75,3.53,2.1,2.04,31,1.81,1.73,2.16,2.06,17,0.5,1.85,1.78,2.12,2.03,2.29,3.74,3.05
T1,19/05/2019,Alanyaspor,Rizespor,1,1,D,1,0,H,16,12,5,3,14,17,5,6,3,1,0,0,1.9,3.75,3.6,1.95,3.7,3.5,1.9,3.7,3.55,1.91,3.88,3.68,1.91,3.75,3.7,1.9,3.8,3.7,32,2,1.92,3.9,3.74,3.8,3.6,29,1.65,1.6,2.4,2.27,18,-0.5,1.96,1.9,1.97,1.91,1.9,3.91,3.97
T1,19/05/2019,Bursaspor,Goztep,0,0,D,0,0,D,14,2,3,1,19,10,5,2,3,1,0,0,2.1,3.3,3.5,2.05,3.25,3.6,2.05,3.2,3.55,2.13,3.21,3.71,2.1,3.25,3.7,2.1,3.3,3.6,31,2.17,2.09,3.35,3.23,3.8,3.59,29,2.21,2.09,1.77,1.71,18,-0.25,1.85,1.79,2.12,2.03,2.18,3.38,3.59
T1,19/05/2019,Galatasaray,Buyuksehyr,2,1,H,0,1,A,15,5,4,2,14,12,8,1,4,3,0,0,1.7,3.6,5,1.75,3.9,4.5,1.75,3.7,4.25,1.76,3.78,4.46,1.78,3.7,4.33,1.8,3.75,4.2,32,1.84,1.76,3.9,3.71,5.25,4.39,30,1.82,1.76,2.16,2.03,17,-0.75,2.11,2,1.9,1.81,2.06,3.55,3.77
T1,20/05/2019,Ankaragucu,Sivasspor,3,1,H,2,0,H,14,10,6,4,15,7,8,3,4,1,0,0,2.8,2.3,3.75,,,,2.75,2.3,3.6,2.8,2.38,3.67,2.55,2.2,2.75,2.45,2.3,3.2,21,2.9,2.72,2.4,2.28,3.85,3.59,19,2.14,2.05,1.8,1.76,15,0,1.73,1.68,2.25,2.18,2,2.83,4.71
T1,20/05/2019,Erzurum BB,Fenerbahce,0,1,A,0,0,D,14,10,3,3,8,13,8,2,4,5,0,0,2.3,3.75,2.75,2.35,3.5,2.75,2.3,3.45,2.8,2.32,3.71,2.86,2.3,3.6,2.9,2.38,3.5,2.88,31,2.55,2.31,3.75,3.51,3.1,2.84,29,1.76,1.7,2.2,2.1,17,0,1.77,1.72,2.25,2.12,2.35,3.69,2.99
T1,24/05/2019,Besiktas,Kasimpasa,3,2,H,3,1,H,13,16,4,6,12,10,3,5,3,0,1,0,1.25,6,11,1.25,6.25,9,1.25,6.3,8.8,1.25,6.89,10.1,1.22,6.5,11,1.22,7,10.5,28,1.35,1.24,7.4,6.48,11,9.35,25,1.3,1.25,4.1,3.7,18,-2,2.07,2,1.91,1.82,1.27,6.8,9.34
T1,24/05/2019,Buyuksehyr,Alanyaspor,1,1,D,1,1,D,11,17,3,7,12,9,5,6,0,0,0,0,1.72,4,4.33,1.67,4,4.5,1.67,4.1,4.3,1.69,4.33,4.67,1.67,4.2,4.5,1.65,4.2,4.6,27,1.72,1.67,4.4,4.15,4.9,4.47,25,1.6,1.47,2.8,2.59,17,-1,2.2,2.11,1.8,1.73,1.7,4.28,4.64
T1,24/05/2019,Rizespor,Trabzonspor,2,3,A,1,3,A,20,21,5,8,12,6,7,6,1,1,0,0,2.8,3.8,2.25,2.85,3.5,2.3,2.7,3.75,2.25,2.81,4.01,2.35,2.75,3.8,2.3,2.75,3.8,2.3,28,2.86,2.74,4.01,3.77,2.45,2.3,27,1.48,1.43,2.9,2.73,15,0.25,1.85,1.8,2.11,2.02,2.67,3.97,2.47
T1,24/05/2019,Sivasspor,Galatasaray,4,3,H,2,2,D,30,7,14,4,10,10,9,1,2,1,0,0,2.75,3.6,2.37,2.65,3.75,2.35,2.5,3.7,2.45,2.61,3.95,2.53,2.55,3.8,2.45,2.5,3.8,2.5,28,3.3,2.59,4,3.74,2.56,2.44,27,1.45,1.4,3.1,2.81,15,0,2.01,1.94,1.95,1.88,2.05,4.05,3.36
T1,25/05/2019,Konyaspor,Akhisar Belediyespor,0,0,D,0,0,D,18,14,7,5,9,10,6,5,2,0,0,0,1.45,4.5,6.5,1.5,4.4,5.75,1.5,4.3,5.4,1.49,4.38,6.14,1.5,4.33,6,1.5,4.4,6,31,1.54,1.49,4.6,4.38,6.5,5.84,29,1.65,1.59,2.4,2.3,17,-1.25,2.2,2.12,1.79,1.74,1.43,5.12,6.78
T1,26/05/2019,Fenerbahce,Antalyaspor,3,1,H,1,1,D,17,16,6,3,16,12,4,4,1,3,0,0,1.66,4,4.75,1.57,4.4,4.75,1.67,4.1,4.2,1.72,4.19,4.21,1.7,4,4.5,1.65,4.2,4.6,31,1.75,1.68,4.6,4.2,5,4.31,32,1.52,1.47,2.75,2.57,18,-1,2.25,2.16,1.78,1.71,1.37,5.61,7.39
T1,26/05/2019,Goztep,Ankaragucu,2,1,H,1,0,H,11,7,5,4,8,23,4,6,0,2,0,0,1.36,4.75,8,1.35,4.75,8.25,1.35,4.75,8,1.31,5.29,8.63,1.33,5,9,1.33,5,9,30,1.4,1.34,5.3,4.93,9.15,8.3,29,1.75,1.69,2.25,2.13,21,-1.5,2.15,2.02,1.87,1.8,1.32,5.71,9.07
T1,26/05/2019,Kayserispor,Erzurum BB,0,2,A,0,2,A,20,16,7,6,9,9,10,4,0,0,1,0,2.62,3.4,2.55,2.55,3.4,2.6,2.5,3.45,2.55,2.51,3.63,2.66,2.5,3.6,2.6,2.55,3.6,2.55,30,2.65,2.53,3.7,3.48,2.7,2.6,27,1.7,1.65,2.29,2.16,17,0,1.96,1.88,2,1.94,2.93,3.95,2.28
T1,26/05/2019,Yeni Malatyaspor,Bursaspor,1,2,A,0,2,A,10,9,4,5,8,22,5,2,7,3,2,1,3,3.3,2.35,2.9,3.3,2.35,2.85,3.3,2.35,2.83,3.62,2.38,2.88,3.5,2.35,2.9,3.4,2.38,31,3,2.81,3.62,3.41,2.45,2.35,29,1.95,1.89,1.96,1.88,17,0.25,1.85,1.79,2.1,2.04,2.73,3.54,2.62
