Div,Date,HomeTeam,AwayTeam,FTHG,FTAG,FTR,HTHG,HTAG,HTR,HS,AS,HST,AST,HFKC,AFKC,HC,AC,HY,AY,HR,AR,B365H,B365D,B365A,BWH,BWD,BWA,IWH,IWD,IWA,LBH,LBD,LBA,PSH,PSD,PSA,WHH,WHD,WHA,VCH,VCD,VCA,Bb1X2,BbMxH,BbAvH,BbMxD,BbAvD,BbMxA,BbAvA,BbOU,BbMx>2.5,BbAv>2.5,BbMx<2.5,BbAv<2.5,BbAH,BbAHh,BbMxAHH,BbAvAHH,BbMxAHA,BbAvAHA,PSCH,PSCD,PSCA
B1,28/07/17,Antwerp,Anderlecht,0,0,D,0,0,D,3,13,2,6,13,6,5,5,3,0,0,0,5.75,3.8,1.6,5,4,1.67,4.7,3.6,1.7,5.2,3.7,1.61,6.11,4.14,1.61,4.75,3.75,1.67,5.5,3.9,1.62,36,6.11,5.46,4.14,3.86,1.7,1.6,34,1.9,1.83,2.04,1.95,19,1,1.87,1.81,2.1,2.04,5.78,4.14,1.64
B1,29/07/17,Charleroi,Kortrijk,1,0,H,1,0,H,6,9,2,1,13,20,5,6,2,1,0,0,1.62,3.75,5.5,1.67,3.7,5.5,1.6,3.7,5.4,1.61,3.6,5.2,1.67,4.02,5.62,1.65,3.75,4.8,1.65,3.8,5.25,40,1.67,1.64,4.02,3.74,5.62,5.18,37,2,1.92,1.92,1.84,18,-0.75,1.9,1.85,2.05,1.99,1.68,4.01,5.49
B1,29/07/17,Eupen,Waregem,0,5,A,0,1,A,3,13,1,9,14,17,2,7,2,2,0,0,2.6,3.4,2.6,2.7,3.4,2.6,2.65,3.3,2.5,2.55,3.3,2.5,2.74,3.55,2.64,2.6,3.4,2.5,2.63,3.4,2.6,39,2.83,2.66,3.56,3.35,2.6,2.51,36,1.77,1.72,2.2,2.07,18,0,2.07,1.99,1.91,1.84,2.62,3.51,2.79
B1,29/07/17,Genk,Waasland-Beveren,3,3,D,0,1,A,11,9,5,6,12,16,5,2,1,2,0,0,1.4,4.75,7,1.42,4.6,7.75,1.4,4.4,7.3,1.36,4.5,8,1.39,5.17,8.96,1.4,4.5,7,1.36,4.75,8.5,39,1.44,1.38,5.17,4.6,8.96,7.72,29,1.67,1.64,2.25,2.16,18,-1.25,1.91,1.86,2.04,1.99,1.4,5.13,8.81
B1,29/07/17,Lokeren,Club Brugge,0,4,A,0,3,A,11,9,4,4,13,12,5,6,3,1,0,1,4.2,3.6,1.83,4.25,3.7,1.83,4.2,3.5,1.8,4,3.4,1.83,4.3,3.78,1.89,4.33,3.6,1.75,4.2,3.6,1.83,40,4.33,4.09,3.78,3.56,1.93,1.83,37,1.92,1.83,2.01,1.93,18,0.5,2.06,2,1.89,1.84,5.19,3.8,1.76
B1,30/07/17,Mechelen,Standard,1,1,D,1,1,D,6,5,2,1,19,27,2,3,3,3,0,0,2.6,3.4,2.6,2.65,3.4,2.65,2.6,3.2,2.6,2.6,3.2,2.55,2.78,3.44,2.67,2.6,3.4,2.5,2.7,3.4,2.55,39,2.78,2.62,3.5,3.28,2.68,2.56,36,1.95,1.84,2,1.92,19,0,2,1.94,1.94,1.88,3.57,3.57,2.15
B1,30/07/17,Oostende,Mouscron,0,1,A,0,0,D,8,8,4,4,22,14,5,1,3,3,1,0,1.5,4.33,6,1.53,4.4,5.75,1.5,4,6.1,1.53,4,5.75,1.57,4.51,6.02,1.53,4,5.5,1.5,4.33,6.25,39,1.57,1.52,4.51,4.17,6.25,5.71,34,1.74,1.67,2.25,2.14,19,-1,1.96,1.9,1.99,1.93,1.43,4.82,8.34
B1,30/07/17,St Truiden,Gent,3,2,H,0,1,A,15,10,9,5,20,16,1,9,2,4,0,0,3,3.4,2.3,3.1,3.3,2.35,2.9,3.3,2.3,3,3.1,2.3,3.32,3.42,2.32,3.25,3.25,2.15,3.1,3.3,2.3,38,3.32,3.11,3.42,3.22,2.35,2.27,35,2.17,2.06,1.77,1.72,17,0.25,1.91,1.86,2.05,1.99,3.11,3.28,2.51
B1,04/08/17,Standard,Genk,2,1,H,0,1,A,5,7,3,4,22,20,5,6,3,4,0,0,2.2,3.3,3.25,2.3,3.2,3.3,2.3,3.3,2.9,2.25,3.25,3,2.34,3.45,3.25,2.2,3.3,3.1,2.25,3.4,3.1,39,2.4,2.25,3.5,3.28,3.32,3.13,35,2.01,1.93,1.93,1.86,19,-0.25,2.03,1.98,1.98,1.89,1.93,3.74,4.21
B1,05/08/17,Kortrijk,Lokeren,1,0,H,1,0,H,20,11,10,5,17,23,14,4,1,4,0,0,2.05,3.4,3.5,2.2,3.2,3.5,2.2,3.3,3.1,2.15,3.25,3.2,2.19,3.55,3.49,2.15,3.3,3.2,2.15,3.4,3.3,39,2.23,2.15,3.55,3.3,3.5,3.29,37,1.96,1.88,2,1.89,16,-0.25,1.9,1.87,2.03,1.99,2.23,3.53,3.41
B1,05/08/17,Mouscron,Charleroi,2,5,A,1,3,A,11,7,5,7,12,14,4,3,3,1,1,0,3.3,3.25,2.2,3.2,3.25,2.35,2.9,3.3,2.3,3.1,3.1,2.25,3.37,3.36,2.32,3.2,3.2,2.2,3.13,3.25,2.3,39,3.37,3.15,3.36,3.18,2.35,2.28,34,2.2,2.12,1.75,1.68,16,0.25,1.92,1.87,2.04,1.99,3.84,3.24,2.19
B1,05/08/17,Waasland-Beveren,Mechelen,2,2,D,1,1,D,17,11,10,5,23,15,4,4,3,4,0,0,2.45,3.4,2.75,2.7,3.25,2.7,2.4,3.3,2.75,2.5,3.2,2.62,2.68,3.47,2.75,2.45,3.25,2.75,2.55,3.4,2.7,38,2.7,2.54,3.47,3.25,2.8,2.69,34,2,1.92,1.96,1.85,17,0,1.93,1.87,2.04,1.97,2.43,3.54,3.02
B1,05/08/17,Waregem,St Truiden,2,0,H,0,0,D,14,2,7,2,14,21,11,1,2,3,0,1,1.75,3.75,4.33,1.83,3.7,4.25,1.85,3.5,3.9,1.85,3.4,3.9,1.92,3.64,4.37,1.8,3.5,4.2,1.87,3.6,4,39,1.92,1.85,3.75,3.52,4.4,4.05,35,1.91,1.83,2.02,1.94,16,-0.5,1.93,1.87,2.05,1.98,1.83,3.63,4.9
B1,06/08/17,Anderlecht,Oostende,1,0,H,0,0,D,17,10,8,7,14,13,9,9,1,3,0,0,1.4,4.5,8,1.42,4.6,7.75,1.4,4.4,7.3,1.4,4.5,7.5,1.4,5.32,8.22,1.4,4.5,7,1.4,4.8,7.5,39,1.44,1.39,5.32,4.64,8.5,7.38,33,1.61,1.56,2.45,2.34,16,-1.25,1.92,1.88,2.01,1.98,1.29,6.09,11.38
B1,06/08/17,Club Brugge,Eupen,3,1,H,1,1,D,13,8,5,4,24,14,5,2,1,3,0,1,1.22,5.75,13,1.26,6.25,10.5,1.25,5.5,10.3,1.22,5.8,12,1.25,6.9,12,1.25,5.5,10,1.22,6.25,12,42,1.26,1.23,6.9,6.02,13,10.99,28,1.44,1.41,3,2.75,15,-1.75,1.92,1.87,2.03,1.99,1.26,6.65,12.04
B1,06/08/17,Gent,Antwerp,0,1,A,0,1,A,14,2,3,1,12,31,6,3,2,5,0,0,1.44,4.2,7.5,1.48,4.4,6.75,1.5,4,6.1,1.44,4,7,1.5,4.5,7.28,1.5,4,6,1.5,4.2,6.5,38,1.51,1.48,4.5,4.15,7.5,6.56,36,1.88,1.81,2.06,1.96,16,-1,1.89,1.84,2.07,2.02,1.54,4.29,7.14
B1,11/08/17,Waregem,Club Brugge,1,2,A,0,1,A,7,8,3,6,14,22,4,4,1,3,0,0,3.3,3.4,2.15,3.25,3.5,2.2,3.3,3.3,2.1,3.2,3.4,2.1,3.26,3.69,2.24,3.1,3.6,2.1,3.1,3.5,2.2,41,3.3,3.07,3.69,3.45,2.28,2.19,38,1.74,1.68,2.27,2.14,16,0.25,2.05,1.92,2,1.94,3.09,3.7,2.32
B1,12/08/17,Eupen,Kortrijk,1,2,A,0,1,A,16,9,7,6,7,25,10,1,3,4,0,0,2.1,3.5,3.3,2.2,3.7,3.1,2.1,3.3,3.3,2.2,3.4,3,2.27,3.66,3.21,2.15,3.4,3.1,2.2,3.5,3.1,39,2.28,2.18,3.7,3.43,3.3,3.07,36,1.79,1.73,2.17,2.06,16,-0.25,1.99,1.93,1.96,1.92,2.19,3.72,3.27
B1,12/08/17,Lokeren,Mouscron,0,2,A,0,1,A,5,8,2,7,23,15,2,3,4,1,1,0,1.8,3.75,4.2,1.83,3.6,4.5,1.75,3.6,4.3,1.83,3.4,4.2,1.88,3.65,4.59,1.75,3.6,4.33,1.83,3.5,4.4,40,1.88,1.81,3.75,3.46,4.63,4.28,38,2.04,1.95,1.91,1.81,16,-0.5,1.87,1.83,2.07,2.02,1.93,3.62,4.35
B1,12/08/17,Mechelen,Gent,1,1,D,0,1,A,9,13,5,7,15,21,7,7,2,1,0,0,3.1,3.25,2.3,3.2,3.3,2.3,2.65,3.3,2.5,3,3.2,2.3,3.2,3.49,2.35,3,3.3,2.25,3.1,3.3,2.3,41,3.2,3.05,3.49,3.27,2.5,2.28,39,1.99,1.92,1.93,1.84,17,0.25,1.89,1.86,2.04,2,3.48,3.48,2.22
B1,12/08/17,Oostende,Waasland-Beveren,0,3,A,0,3,A,16,10,10,7,11,19,10,6,1,0,0,0,1.73,3.6,4.75,1.72,3.75,5,1.75,3.6,4.3,1.67,3.75,4.5,1.71,4.15,4.97,1.7,3.8,4.4,1.67,4,4.75,40,1.75,1.7,4.15,3.84,5,4.56,33,1.64,1.61,2.36,2.24,17,-0.75,1.92,1.89,2.02,1.97,1.65,4.2,5.58
B1,13/08/17,Antwerp,Genk,3,5,A,1,4,A,8,12,5,8,15,14,5,3,1,1,0,0,3.3,3.4,2.15,3.5,3.3,2.15,3.1,3.3,2.2,3.2,3.25,2.15,3.58,3.44,2.2,3.1,3.3,2.2,3.3,3.4,2.15,38,3.58,3.26,3.44,3.28,2.2,2.15,36,2,1.93,1.93,1.83,14,0.25,2.02,1.98,1.92,1.88,3.09,3.6,2.36
B1,13/08/17,Charleroi,Anderlecht,2,0,H,0,0,D,8,8,4,6,15,20,7,5,2,3,0,0,4.2,3.5,1.85,4.33,3.4,1.9,4,3.45,1.85,3.9,3.3,1.87,4.29,3.58,1.95,4,3.5,1.83,4.1,3.5,1.9,39,4.33,3.99,3.58,3.37,1.95,1.88,37,2.08,1.99,1.91,1.78,15,0.5,1.98,1.94,1.95,1.91,4.03,3.57,2.01
B1,13/08/17,St Truiden,Standard,1,0,H,0,0,D,10,10,5,4,17,24,2,3,3,4,0,2,3.5,3.3,2.1,3.4,3.4,2.15,3.6,3.3,2,3.3,3.2,2.1,3.67,3.4,2.18,3.3,3.3,2.1,3.4,3.3,2.15,38,3.67,3.34,3.4,3.26,2.19,2.12,36,2.07,2,1.86,1.77,14,0.25,2.05,2.01,1.88,1.85,4.02,3.61,2
B1,18/08/17,Standard,Waregem,0,4,A,0,0,D,12,15,7,9,12,14,3,5,0,2,0,0,1.67,4,4.75,1.7,3.8,5,1.6,3.7,5.4,1.7,3.8,4.6,1.74,3.9,5.14,1.62,3.8,5,1.7,3.9,4.6,35,1.75,1.69,4,3.77,5.4,4.76,32,1.76,1.71,2.23,2.11,15,-0.75,1.97,1.91,2,1.95,1.68,4,5.61
B1,19/08/17,Eupen,Oostende,2,1,H,1,1,D,10,11,6,5,14,13,5,8,2,2,0,0,2.8,3.5,2.38,2.9,3.6,2.35,2.9,3.3,2.3,2.8,3.4,2.25,3.12,3.63,2.33,2.9,3.6,2.2,2.9,3.5,2.3,34,3.12,2.89,3.63,3.43,2.38,2.3,29,1.65,1.61,2.33,2.25,14,0.25,1.9,1.85,2.06,2.01,2.64,3.71,2.66
B1,19/08/17,Genk,Charleroi,0,1,A,0,0,D,9,9,1,2,12,12,4,7,0,1,0,0,1.85,3.6,4,1.9,3.6,4.1,1.85,3.45,4,1.87,3.3,3.9,1.93,3.52,4.53,1.8,3.5,4.2,1.9,3.5,4.1,34,1.93,1.87,3.6,3.42,4.53,4.06,33,2.07,1.98,1.86,1.8,14,-0.5,1.94,1.9,1.99,1.96,1.76,3.87,5.07
B1,19/08/17,Mechelen,Antwerp,1,2,A,0,0,D,10,4,8,3,15,25,9,2,2,4,0,0,2,3.4,3.75,2,3.7,3.6,2.1,3.3,3.3,1.95,3.3,3.6,2.03,3.58,3.95,2,3.4,3.5,1.95,3.4,3.9,30,2.1,1.98,3.7,3.4,3.95,3.62,29,1.96,1.87,2,1.9,14,-0.5,2.03,1.98,1.92,1.88,1.99,3.62,4.06
B1,19/08/17,Waasland-Beveren,Lokeren,2,3,A,0,3,A,19,8,10,5,17,23,8,6,3,5,0,0,1.95,3.5,3.75,2,3.4,3.9,2,3.3,3.6,1.95,3.3,3.7,2,3.52,4.15,2,3.4,3.5,1.95,3.5,3.8,33,2.01,1.96,3.52,3.39,4.15,3.71,32,2.04,1.95,1.9,1.82,14,-0.5,2.02,1.98,1.93,1.88,2.13,3.46,3.77
B1,20/08/17,Anderlecht,St Truiden,2,3,A,1,1,D,18,9,8,6,14,12,9,2,0,2,0,0,1.29,5.5,9.5,1.3,5.5,10.5,1.3,5,9,1.28,5,10,1.31,5.7,11.24,1.3,5,9,1.29,5.4,10.5,34,1.31,1.29,5.7,5.18,11.24,9.55,29,1.67,1.61,2.3,2.24,15,-1.5,1.95,1.89,2,1.96,1.33,5.71,10.28
B1,20/08/17,Kortrijk,Club Brugge,1,2,A,0,1,A,18,11,9,8,20,20,11,4,3,1,0,0,4.33,3.75,1.75,4.4,3.7,1.8,4.5,3.5,1.75,4,3.6,1.8,4.22,3.92,1.88,4.33,3.6,1.75,4.2,3.75,1.8,34,4.5,4.18,4,3.66,1.88,1.78,32,1.83,1.76,2.11,2.02,13,0.75,1.87,1.82,2.15,2.05,4.5,4.12,1.79
B1,20/08/17,Mouscron,Gent,3,2,H,0,2,A,16,9,9,7,21,13,7,1,3,3,0,1,4.2,3.75,1.8,4.2,3.7,1.85,4,3.45,1.85,4.2,3.4,1.8,4.41,3.75,1.88,3.8,3.4,1.91,4.4,3.6,1.8,34,4.41,4.18,3.75,3.49,1.91,1.83,33,2.04,1.96,1.91,1.81,14,0.5,2.08,2.03,1.88,1.84,5.03,3.76,1.79
B1,25/08/17,Kortrijk,Mouscron,1,1,D,1,0,H,14,20,5,9,22,15,2,3,2,0,0,0,1.85,3.6,4,1.9,3.6,4.1,1.9,3.45,3.8,1.87,3.3,3.9,1.96,3.56,4.27,2,3.4,3.5,1.87,3.6,4.1,35,2,1.91,3.6,3.46,4.27,3.9,33,2.04,1.91,1.96,1.86,14,-0.5,1.96,1.93,1.98,1.95,1.93,3.53,4.47
B1,26/08/17,Charleroi,Waregem,3,2,H,0,1,A,10,6,5,3,12,22,3,3,2,2,0,1,2.1,3.25,3.6,2.1,3.4,3.6,2.1,3.3,3.3,2.1,3.25,3.25,2.14,3.52,3.66,2.1,3.3,3.3,2.15,3.4,3.3,35,2.19,2.1,3.52,3.33,3.66,3.38,33,2,1.89,1.95,1.87,13,-0.25,1.9,1.85,2.07,2.02,2.16,3.49,3.64
B1,26/08/17,Genk,Mechelen,1,0,H,1,0,H,8,4,5,2,17,18,5,3,4,2,1,0,1.55,4,6,1.6,4.1,5.5,1.6,3.9,5,1.57,3.9,5.2,1.62,4.24,5.88,1.57,3.8,5.5,1.57,4.1,5.5,35,1.62,1.57,4.25,4.01,6,5.39,31,1.75,1.7,2.19,2.1,14,-1,2.08,2.02,1.88,1.84,1.5,4.66,7.03
B1,26/08/17,Lokeren,Eupen,3,0,H,0,0,D,15,12,9,3,13,9,7,2,3,1,0,0,2.15,3.4,3.3,2.2,3.3,3.4,2.1,3.3,3.3,2.15,3.3,3.1,2.22,3.52,3.44,2.05,3.5,3.25,2.15,3.5,3.2,35,2.27,2.16,3.52,3.36,3.44,3.21,33,1.86,1.77,2.11,2,14,-0.25,1.94,1.9,2,1.96,2.57,3.46,2.88
B1,26/08/17,St Truiden,Waasland-Beveren,1,0,H,0,0,D,10,8,6,3,14,23,5,4,2,3,0,0,1.73,3.6,4.75,1.78,3.5,5,1.75,3.5,4.5,1.75,3.5,4.4,1.79,3.79,4.96,1.8,3.5,4.2,1.75,3.6,4.6,34,1.8,1.75,3.79,3.59,5,4.51,32,1.92,1.83,2.04,1.94,13,-0.5,1.82,1.77,2.16,2.12,1.92,3.73,4.24
B1,27/08/17,Club Brugge,Standard,4,0,H,2,0,H,11,11,7,5,18,21,1,12,2,3,0,0,1.73,3.4,5.25,1.75,3.9,4.5,1.7,3.6,4.7,1.75,3.6,4.2,1.81,3.83,4.76,1.8,3.6,4,1.75,3.7,4.6,34,1.81,1.74,3.9,3.67,5.25,4.43,32,1.77,1.7,2.2,2.1,12,-0.75,2.04,2,1.92,1.86,1.65,4.19,5.56
B1,27/08/17,Gent,Anderlecht,0,0,D,0,0,D,12,6,4,4,16,20,10,3,3,3,0,0,2.63,3.3,2.6,2.75,3.2,2.7,2.6,3.2,2.6,2.65,3.25,2.5,2.78,3.45,2.66,2.62,3.3,2.5,2.75,3.3,2.55,34,2.78,2.66,3.45,3.24,2.7,2.55,32,1.96,1.85,2,1.9,13,0,2.05,1.98,1.92,1.87,2.87,3.58,2.55
B1,27/08/17,Oostende,Antwerp,3,4,A,1,0,H,15,13,8,8,10,24,8,3,0,3,0,0,1.75,3.75,4.5,1.8,3.75,4.4,1.8,3.5,4.2,1.75,3.6,4.2,1.8,3.82,4.81,1.83,3.5,4,1.75,3.75,4.4,30,1.86,1.77,3.82,3.61,4.81,4.31,28,1.8,1.73,2.17,2.05,12,-0.75,2.06,2.02,1.88,1.85,1.66,4.22,5.35
B1,08/09/17,Anderlecht,Lokeren,3,2,H,1,2,A,15,5,9,5,18,11,15,2,2,3,0,0,1.29,5.5,10,1.28,5.5,11.5,1.25,5.5,10.3,1.28,5.25,10,1.3,6.11,10.87,1.3,5.5,8,1.25,6,10.5,33,1.32,1.27,6.11,5.54,11.5,9.81,27,1.51,1.48,2.67,2.56,12,-1.75,2.11,2.05,1.85,1.83,1.25,6.77,13.45
B1,09/09/17,Antwerp,St Truiden,1,1,D,0,0,D,14,7,3,3,18,15,11,2,3,4,0,0,2.3,3.25,3.1,2.4,3.3,3,2.3,3.3,2.9,2.3,3.2,2.9,2.38,3.43,3.2,2.2,3.3,3.1,2.3,3.4,3,28,2.4,2.32,3.43,3.26,3.2,2.96,27,1.98,1.9,1.96,1.87,12,-0.25,2.08,2.03,1.88,1.84,2.39,3.42,3.19
B1,09/09/17,Mouscron,Club Brugge,2,1,H,2,1,H,7,9,6,3,13,12,2,10,2,2,0,0,6,3.75,1.57,6,3.9,1.6,5.6,3.9,1.55,5.25,3.8,1.57,6.72,4.07,1.59,5.5,3.8,1.57,5.5,3.9,1.6,32,6.72,5.63,4.1,3.88,1.6,1.57,30,1.81,1.75,2.12,2.04,13,1,1.89,1.84,2.08,2.03,5.05,3.93,1.75
B1,09/09/17,Waasland-Beveren,Eupen,5,1,H,3,0,H,16,6,9,6,16,13,4,4,0,1,0,0,2.1,3.4,3.4,2.1,3.3,3.7,2.2,3.3,3.1,2.1,3.4,3.2,2.16,3.55,3.56,2.15,3.4,3.1,2.1,3.5,3.4,31,2.2,2.1,3.55,3.38,3.7,3.3,30,1.85,1.78,2.09,2,12,-0.25,1.89,1.86,2.06,2.02,2.12,3.78,3.44
B1,09/09/17,Waregem,Kortrijk,2,2,D,1,2,A,5,11,3,3,14,15,5,7,2,3,0,0,1.6,3.8,5.75,1.65,4,5.25,1.7,3.6,4.7,1.61,3.8,4.8,1.64,4.18,5.57,1.65,3.8,4.75,1.65,3.9,5.2,32,1.7,1.63,4.18,3.88,5.75,5,28,1.7,1.66,2.26,2.16,12,-0.75,1.86,1.82,2.1,2.05,1.64,4.38,5.38
B1,10/09/17,Gent,Genk,1,1,D,1,0,H,7,12,3,2,23,18,4,9,3,2,0,0,2,3.5,3.6,2.05,3.5,3.6,2,3.3,3.6,2,3.3,3.6,2.02,3.52,4.06,2,3.4,3.5,2,3.5,3.6,32,2.07,2,3.52,3.38,4.06,3.58,31,1.98,1.89,1.95,1.87,13,-0.5,2.08,2.02,1.9,1.85,1.99,3.78,3.86
B1,10/09/17,Mechelen,Oostende,1,1,D,0,0,D,11,9,6,3,22,26,9,2,2,3,1,0,2.45,3.2,2.88,2.5,3.3,2.85,2.4,3.3,2.75,2.35,3.4,2.7,2.49,3.59,2.9,2.38,3.6,2.62,2.38,3.6,2.75,31,2.5,2.39,3.6,3.4,2.9,2.76,25,1.68,1.63,2.28,2.2,11,0,1.81,1.78,2.14,2.09,2.59,3.58,2.78
B1,10/09/17,Standard,Charleroi,0,0,D,0,0,D,5,6,3,4,23,19,5,3,3,2,0,0,1.83,3.6,4.2,1.95,3.5,4,1.8,3.5,4.2,1.87,3.3,4,1.92,3.56,4.49,1.85,3.3,4.2,1.9,3.5,4.1,32,1.96,1.89,3.6,3.39,4.49,4.01,31,2.07,2,1.88,1.78,13,-0.5,2.02,1.92,2.01,1.94,2.15,3.27,3.88
B1,15/09/17,Club Brugge,Mechelen,2,0,H,2,0,H,13,15,6,6,25,18,3,11,3,2,0,0,1.36,4.75,8,1.35,5.25,8.5,1.3,5,9,1.36,4.75,7.5,1.39,5.16,8.81,1.36,4.75,7.5,1.36,4.8,8,36,1.4,1.36,5.35,4.84,9,7.87,31,1.68,1.61,2.4,2.25,13,-1.25,1.89,1.85,2.05,2,1.37,5.18,9.73
B1,16/09/17,Charleroi,Waasland-Beveren,2,2,D,0,0,D,13,9,5,5,16,17,3,2,1,0,0,0,1.62,4,5.25,1.62,3.9,5.75,1.55,3.9,5.6,1.61,3.75,5,1.65,4.16,5.64,1.57,3.8,5.5,1.62,4,5.2,35,1.65,1.61,4.16,3.83,5.75,5.18,31,1.81,1.76,2.11,2.02,12,-0.75,1.86,1.82,2.08,2.04,1.83,3.75,4.73
B1,16/09/17,Kortrijk,Anderlecht,2,2,D,0,1,A,5,8,3,6,29,29,4,11,2,3,0,0,5,3.6,1.7,5,3.75,1.72,5.1,3.6,1.65,4.33,3.7,1.73,4.86,4.02,1.75,4.75,3.8,1.65,4.6,3.8,1.73,36,5.1,4.52,4.02,3.71,1.76,1.71,30,1.75,1.69,2.2,2.11,12,0.75,1.93,1.9,2,1.95,5.65,4.88,1.56
B1,16/09/17,Lokeren,Antwerp,1,1,D,0,1,A,14,7,5,2,13,23,11,2,1,3,0,0,2.15,3.3,3.4,2.25,3.4,3.25,2.1,3.3,3.3,2.15,3.2,3.2,2.28,3.44,3.38,2.25,3.3,3,2.2,3.4,3.2,36,2.28,2.19,3.45,3.29,3.4,3.16,33,2.03,1.93,1.95,1.83,12,-0.25,2,1.94,1.96,1.91,2.32,3.35,3.39
B1,16/09/17,St Truiden,Genk,2,1,H,0,0,D,10,8,7,4,17,12,2,5,5,2,0,0,3.25,3.3,2.2,3.3,3.3,2.25,3.1,3.3,2.2,3.1,3.25,2.2,3.28,3.44,2.33,3,3.3,2.25,3.2,3.3,2.25,36,3.3,3.08,3.44,3.27,2.33,2.23,33,1.98,1.9,1.94,1.86,12,0.25,1.94,1.89,2.01,1.96,3.45,3.52,2.22
B1,17/09/17,Eupen,Standard,1,1,D,1,1,D,8,9,4,6,22,22,3,7,3,5,0,0,3.2,3.4,2.2,3.4,3.6,2.1,3.3,3.3,2.1,3.1,3.5,2.1,3.41,3.65,2.19,3,3.6,2.15,3.25,3.5,2.15,35,3.41,3.14,3.65,3.46,2.2,2.12,29,1.72,1.65,2.25,2.17,12,0.25,2.02,1.97,1.93,1.88,3.3,3.39,2.34
B1,17/09/17,Oostende,Gent,0,2,A,0,1,A,11,6,4,5,11,21,9,7,0,3,0,0,2.8,3.3,2.45,2.7,3.3,2.65,2.65,3.3,2.5,2.65,3.3,2.45,2.81,3.57,2.57,2.6,3.4,2.5,2.75,3.4,2.5,33,2.81,2.66,3.57,3.35,2.65,2.48,31,1.83,1.75,2.14,2.03,13,0,2.06,2,1.9,1.84,2.88,3.62,2.49
B1,17/09/17,Waregem,Mouscron,2,1,H,0,1,A,11,8,4,2,20,16,11,2,3,3,0,1,1.55,4,5.75,1.57,4.25,5.75,1.55,3.9,5.6,1.57,3.9,5.25,1.6,4.29,6,1.6,4,4.8,1.57,4,5.5,34,1.61,1.56,4.29,3.98,6,5.37,29,1.74,1.68,2.2,2.12,13,-1,2.06,2,1.88,1.84,1.69,4.07,5.35
B1,22/09/17,Antwerp,Kortrijk,3,0,H,2,0,H,10,9,4,3,20,11,4,8,2,2,0,0,1.75,3.75,4.33,1.85,3.7,4.2,2,3.3,3.6,1.83,3.4,4,1.85,3.8,4.51,1.8,3.5,4.2,1.83,3.6,4.2,36,2.05,1.83,3.8,3.56,4.51,4.1,32,1.92,1.84,2.03,1.93,18,-0.5,1.87,1.84,2.07,2.02,1.94,3.82,4.04
B1,23/09/17,Genk,Oostende,1,1,D,1,0,H,11,9,5,4,16,20,5,3,2,3,0,0,1.62,4,5,1.62,3.9,5.75,1.6,3.9,5,1.61,3.9,4.75,1.64,4.27,5.49,1.65,4,4.5,1.65,4,5,39,1.66,1.61,4.27,3.97,5.75,4.94,34,1.63,1.58,2.38,2.3,15,-1,2.13,2.07,1.83,1.78,1.62,4.34,5.66
B1,23/09/17,Mechelen,St Truiden,2,0,H,1,0,H,7,3,3,1,31,18,6,2,4,1,1,0,1.95,3.5,3.75,2.1,3.4,3.6,2.2,3.3,3.1,2,3.3,3.5,2.01,3.59,4,2,3.4,3.5,2,3.5,3.6,39,2.2,2.01,3.59,3.41,4,3.54,37,1.92,1.85,2,1.91,15,-0.5,2.06,2.01,1.9,1.85,2.26,3.38,3.49
B1,23/09/17,Mouscron,Eupen,3,2,H,1,2,A,7,8,4,6,21,21,4,5,4,3,1,0,1.91,3.4,4,2,3.6,3.7,2,3.3,3.6,1.95,3.4,3.6,2.04,3.62,3.86,2.05,3.5,3.25,1.95,3.5,3.75,39,2.05,1.96,3.62,3.46,4,3.62,37,1.91,1.83,2.02,1.94,15,-0.5,2.04,1.98,1.91,1.87,2.03,3.7,3.83
B1,23/09/17,Waasland-Beveren,Anderlecht,1,2,A,1,0,H,15,13,11,8,15,24,12,5,2,4,0,0,5,3.6,1.7,5,3.75,1.72,4.7,3.6,1.7,4.25,3.7,1.73,4.76,4.02,1.77,4.4,3.8,1.7,4.6,3.8,1.73,38,5,4.51,4.02,3.75,1.77,1.71,33,1.78,1.68,2.21,2.12,15,0.75,1.95,1.9,2.02,1.95,3.94,3.76,1.98
B1,24/09/17,Charleroi,Club Brugge,1,2,A,0,0,D,8,10,4,6,15,18,4,5,2,4,0,0,3.2,3.25,2.25,2.95,3.4,2.4,3.1,3.3,2.2,3,3.2,2.3,3.14,3.32,2.46,3.1,3.2,2.25,3.1,3.3,2.3,39,3.2,3,3.4,3.26,2.46,2.3,37,2.1,1.98,1.87,1.79,15,0.25,1.89,1.85,2.08,2.01,3.11,3.42,2.43
B1,24/09/17,Gent,Waregem,0,1,A,0,1,A,8,3,4,1,14,19,7,3,4,2,0,0,1.73,3.75,4.5,1.75,3.8,4.6,1.7,3.6,4.7,1.75,3.6,4.2,1.8,3.83,4.79,1.7,3.8,4.4,1.75,3.8,4.4,39,1.8,1.73,4,3.76,4.79,4.38,34,1.74,1.68,2.21,2.12,15,-0.75,2.03,1.97,1.93,1.88,1.68,4.08,5.44
B1,24/09/17,Standard,Lokeren,2,1,H,0,1,A,20,2,8,2,24,10,5,3,2,5,1,1,1.55,4,6,1.57,4,6.25,1.55,4,5.5,1.57,3.8,5.5,1.6,4.17,6.32,1.57,3.8,5.5,1.57,4,5.75,39,1.62,1.55,4.2,3.94,6.5,5.63,37,1.84,1.77,2.09,2,17,-1,2.09,2.01,1.92,1.84,1.52,4.23,7.61
B1,29/09/17,St Truiden,Charleroi,0,1,A,0,0,D,14,9,6,4,13,22,5,5,2,3,0,0,2.5,3.25,2.8,2.55,3,2.9,2.5,3.3,2.65,2.5,3.1,2.7,2.67,3.17,2.98,2.75,3.25,2.45,2.55,3.25,2.8,36,2.75,2.54,3.35,3.12,2.98,2.77,33,2.21,2.06,1.8,1.73,16,0,1.87,1.83,2.07,2.01,2.43,3.35,3.17
B1,30/09/17,Eupen,Genk,3,3,D,2,0,H,10,10,6,5,21,22,4,3,2,2,0,0,3.8,3.6,1.91,3.6,3.4,2,3.5,3.4,2,3.5,3.5,1.95,3.83,3.81,1.99,3.4,3.5,2,3.7,3.6,1.95,35,3.83,3.57,3.81,3.5,2.08,1.96,32,1.78,1.72,2.19,2.06,16,0.5,1.93,1.88,2.02,1.97,3.79,3.75,2.02
B1,30/09/17,Kortrijk,Oostende,1,2,A,1,0,H,13,10,7,8,16,22,13,4,1,1,1,0,2.8,3.25,2.5,2.75,3.25,2.5,2.6,3.2,2.6,2.65,3.4,2.4,2.85,3.62,2.51,2.5,3.4,2.6,2.7,3.6,2.45,35,2.85,2.7,3.62,3.36,2.6,2.45,31,1.7,1.66,2.28,2.16,16,0,2.07,2.01,1.88,1.83,3.04,3.77,2.32
B1,30/09/17,Mouscron,Mechelen,2,2,D,2,0,H,6,15,2,9,17,16,0,9,3,3,0,0,2.3,3.2,3.1,2.25,3.2,3.2,2.2,3.3,3.1,2.25,3.3,2.87,2.43,3.57,3.02,2.15,3.4,3.1,2.3,3.4,3,35,2.43,2.3,3.57,3.32,3.25,2.97,33,1.86,1.76,2.11,2.02,15,-0.25,2.09,2.03,1.87,1.83,2.29,3.61,3.21
B1,30/09/17,Waasland-Beveren,Antwerp,3,0,H,0,0,D,11,15,5,8,19,16,3,3,2,1,0,0,2.05,3.4,3.5,2.05,3.4,3.5,2,3.4,3.5,2.1,3.3,3.3,2.07,3.63,3.75,2,3.4,3.5,2.1,3.4,3.5,33,2.13,2.05,3.63,3.4,3.75,3.45,32,1.92,1.83,2.03,1.94,15,-0.25,1.83,1.79,2.14,2.07,1.86,3.78,4.47
B1,01/10/17,Anderlecht,Standard,1,0,H,0,0,D,14,7,6,0,17,17,4,3,2,1,0,0,1.62,4,5,1.6,3.8,5.5,1.7,3.7,4.5,1.61,3.8,4.75,1.69,4.15,5.14,1.62,3.8,5,1.65,4,5,36,1.7,1.64,4.15,3.86,5.5,4.88,31,1.67,1.64,2.3,2.19,15,-1,2.22,2.15,1.77,1.73,1.82,3.66,4.97
B1,01/10/17,Club Brugge,Gent,2,1,H,1,1,D,15,4,6,2,16,20,4,5,2,1,0,0,1.7,3.6,5,1.7,3.6,5,1.7,3.7,4.5,1.73,3.6,4.25,1.74,4.01,4.98,1.75,3.6,4.33,1.75,3.8,4.4,36,1.78,1.73,4.01,3.69,5,4.47,32,1.74,1.67,2.23,2.13,15,-0.75,2.04,1.98,1.94,1.87,1.91,3.71,4.33
B1,01/10/17,Waregem,Lokeren,1,3,A,0,1,A,21,10,11,4,19,21,11,1,1,0,0,0,1.53,4,6.25,1.57,4,5.5,1.55,4,5.5,1.57,4,5.2,1.6,4.35,5.89,1.62,3.8,5,1.57,4.2,5.4,36,1.62,1.56,4.35,4.05,6.25,5.4,30,1.65,1.61,2.37,2.24,16,-1,2.05,1.98,1.92,1.85,1.62,4.39,5.56
B1,13/10/17,Mechelen,Anderlecht,3,4,A,1,4,A,10,7,4,4,12,21,6,3,1,4,0,0,4.5,3.8,1.73,4.5,3.9,1.75,4,3.45,1.85,4.2,3.6,1.75,4.66,3.9,1.81,3.8,3.6,1.85,4.2,3.75,1.8,36,4.66,4.25,3.9,3.67,1.85,1.77,31,1.84,1.74,2.13,2.05,17,0.5,2.13,2.07,1.83,1.79,4.61,3.84,1.83
B1,14/10/17,Charleroi,Eupen,2,2,D,1,1,D,8,5,6,3,20,15,8,4,2,5,0,0,1.6,3.8,5.5,1.62,3.9,5.75,1.55,4,5.5,1.6,3.75,5.2,1.64,4.11,5.78,1.62,3.8,5,1.62,3.9,5.4,33,1.65,1.6,4.11,3.82,5.78,5.26,30,1.83,1.76,2.12,2.01,14,-1,2.16,2.07,1.81,1.76,1.65,4.19,5.56
B1,14/10/17,Genk,Mouscron,1,1,D,0,1,A,18,4,3,4,13,17,20,2,2,3,0,0,1.44,4.33,7,1.5,4.33,6.75,1.55,4,5.5,1.44,4.25,6.5,1.47,4.76,7.47,1.44,4.33,6.5,1.45,4.4,7,34,1.55,1.45,4.76,4.29,7.47,6.59,28,1.63,1.59,2.38,2.25,14,-1.25,2.09,2.03,1.86,1.81,,,
B1,14/10/17,Gent,Waasland-Beveren,2,0,H,0,0,D,12,5,6,0,17,16,7,1,2,2,0,1,1.57,3.8,6,1.6,3.9,6,1.6,3.9,5,1.6,3.8,5,1.62,4.11,6.03,1.62,3.8,5,1.6,4,5.4,32,1.64,1.59,4.11,3.85,6.03,5.3,29,1.77,1.7,2.25,2.08,14,-1,2.14,2.05,1.83,1.78,1.51,4.48,7.31
B1,14/10/17,Lokeren,St Truiden,1,1,D,0,0,D,13,9,6,7,17,24,11,2,1,5,0,1,2.38,3.2,3,2.3,3.2,3.3,2.5,3.3,2.65,2.3,3.2,3,2.4,3.36,3.22,2.45,3.25,2.75,2.38,3.3,3,33,2.5,2.34,3.42,3.22,3.3,2.96,31,2.04,1.94,1.9,1.82,15,0,1.77,1.69,2.26,2.17,2.31,3.34,3.42
B1,15/10/17,Antwerp,Waregem,3,0,H,2,0,H,6,5,2,2,14,12,3,5,2,3,0,1,2.7,3.4,2.5,2.8,3.4,2.5,2.6,3.2,2.6,2.62,3.3,2.45,2.75,3.57,2.63,2.4,3.4,2.7,2.7,3.5,2.5,33,2.8,2.63,3.57,3.33,2.7,2.52,30,1.82,1.75,2.12,2.01,15,0,2.03,1.96,1.92,1.86,2.67,3.53,2.72
B1,15/10/17,Oostende,Club Brugge,2,3,A,2,2,D,11,11,4,7,17,15,4,4,4,3,0,1,3.2,3.5,2.15,3.3,3.4,2.2,3.8,3.45,1.9,3.1,3.5,2.1,3.39,3.68,2.18,3.3,3.6,2,3.25,3.6,2.1,33,3.8,3.19,3.68,3.49,2.2,2.1,27,1.68,1.61,2.3,2.22,14,0.25,2.04,1.99,1.9,1.85,3.44,3.71,2.15
B1,15/10/17,Standard,Kortrijk,3,1,H,3,1,H,9,3,3,1,14,19,4,4,3,3,1,1,1.44,4.2,7.5,1.48,4.5,6.75,1.6,3.9,5,1.44,4.2,6.5,1.47,4.75,7.36,1.5,4,6,1.45,4.4,7,33,1.6,1.45,4.75,4.29,7.5,6.43,27,1.62,1.58,2.41,2.27,14,-1.25,2.11,2.04,1.87,1.81,1.47,5,6.98
B1,20/10/17,Mouscron,Standard,1,3,A,0,1,A,9,12,4,6,15,21,3,2,2,3,0,0,3.75,3.6,1.9,3.6,3.5,2.05,3.2,3.4,2.1,3.5,3.3,2,3.86,3.59,2.06,3.5,3.4,2,3.7,3.5,2,36,3.86,3.61,3.65,3.42,2.1,1.99,32,1.98,1.9,1.95,1.87,18,0.5,1.89,1.84,2.06,2,3.82,3.61,2.06
B1,21/10/17,Eupen,Mechelen,4,1,H,3,1,H,13,13,8,8,17,13,6,8,4,2,0,0,2.14,3.6,3.1,2.3,3.7,2.9,2.2,3.4,3,2.2,3.5,2.9,2.33,3.86,2.97,2.1,3.6,3.1,2.25,3.6,3,34,2.33,2.22,3.86,3.53,3.1,2.92,28,1.65,1.59,2.38,2.26,16,-0.25,2.04,1.97,1.93,1.87,2.39,3.76,2.93
B1,21/10/17,Kortrijk,Gent,1,1,D,0,0,D,6,15,4,5,18,19,3,11,3,2,0,0,4.33,4,1.7,4.6,3.8,1.75,4,3.9,1.75,4.25,3.5,1.75,4.69,4.02,1.78,4.5,3.6,1.73,4.5,3.75,1.75,34,4.7,4.32,4.02,3.71,1.79,1.74,32,1.88,1.79,2.06,1.96,16,0.75,1.91,1.86,2.04,1.99,4.73,3.94,1.79
B1,21/10/17,Lokeren,Charleroi,1,1,D,1,0,H,6,14,3,7,13,11,1,5,1,0,0,0,2.79,3.39,2.39,2.8,3.4,2.5,2.75,3.3,2.4,2.8,3.1,2.45,2.95,3.37,2.57,2.75,3.25,2.45,2.8,3.3,2.5,34,2.95,2.79,3.4,3.23,2.57,2.44,31,2.13,2.04,1.79,1.74,17,0,2.1,2.04,1.84,1.79,2.91,3.39,2.59
B1,21/10/17,St Truiden,Oostende,1,0,H,0,0,D,15,11,6,5,20,30,2,5,1,4,0,0,2.29,3.39,3,2.4,3.4,2.95,2.3,3.3,2.9,2.3,3.25,2.87,2.45,3.59,2.96,2.25,3.3,3,2.38,3.4,2.88,34,2.45,2.33,3.59,3.33,3,2.87,32,1.89,1.82,2.03,1.95,16,-0.25,2.12,2.05,1.83,1.8,2.5,3.53,2.92
B1,22/10/17,Anderlecht,Genk,0,1,A,0,0,D,5,8,2,1,16,16,8,4,4,2,0,0,1.75,3.75,4.5,1.72,3.9,4.75,1.7,3.7,4.5,1.73,3.7,4.25,1.76,4.16,4.66,1.8,3.6,4,1.75,3.9,4.3,34,1.8,1.72,4.16,3.82,4.75,4.33,25,1.7,1.63,2.25,2.19,16,-0.75,2.02,1.97,1.93,1.88,1.78,3.98,4.74
B1,22/10/17,Club Brugge,Antwerp,1,0,H,1,0,H,10,8,2,4,26,23,5,3,2,5,0,0,1.33,5,9,1.36,5,9,1.35,4.8,7.6,1.36,4.6,8,1.35,5.56,9.4,1.36,4.75,7.5,1.36,5,8,34,1.37,1.34,5.56,4.88,9.4,8.02,28,1.62,1.57,2.4,2.31,17,-1.5,2.12,2.03,1.84,1.79,1.4,4.76,9.67
B1,22/10/17,Waregem,Waasland-Beveren,2,5,A,1,2,A,9,11,4,7,21,16,11,2,1,1,0,0,1.8,3.75,4.2,1.85,3.9,3.9,1.75,3.7,4.2,1.8,3.7,3.8,1.83,4.14,4.19,1.83,3.75,3.75,1.83,3.9,3.9,33,1.86,1.8,4.14,3.79,4.2,3.88,28,1.62,1.58,2.4,2.3,17,-0.5,1.87,1.82,2.08,2.03,1.67,4.42,5.04
B1,24/10/17,Gent,Eupen,3,0,H,3,0,H,9,7,6,2,22,12,4,2,4,4,0,0,1.39,4.5,7.5,1.44,4.75,7,1.35,4.8,7.6,1.4,4.5,7,1.41,5.45,7.49,1.44,4.5,6,1.4,5,7,34,1.44,1.4,5.45,4.77,7.6,6.7,27,1.5,1.48,2.8,2.52,17,-1.25,1.95,1.89,2.02,1.95,1.35,5.74,8.93
B1,24/10/17,Mechelen,Lokeren,0,2,A,0,1,A,14,5,4,3,14,26,15,3,3,4,0,0,1.9,3.6,3.79,2,3.5,3.8,2.1,3.3,3.3,1.9,3.5,3.5,1.97,3.95,3.79,2,3.6,3.3,1.93,3.8,3.6,35,2.1,1.94,3.95,3.61,3.84,3.56,28,1.75,1.63,2.33,2.21,19,-0.5,1.99,1.94,1.96,1.9,1.85,4.12,4.15
B1,24/10/17,Oostende,Charleroi,3,0,H,1,0,H,9,13,8,5,27,18,3,7,1,2,0,0,2.25,3.39,3.1,2.35,3.4,3,2.2,3.3,3.1,2.2,3.25,2.9,2.32,3.57,3.18,2.25,3.3,3,2.3,3.5,2.9,35,2.36,2.27,3.59,3.35,3.18,3,30,1.93,1.83,2.02,1.94,18,-0.25,2.05,2,1.91,1.85,2.59,3.47,2.85
B1,25/10/17,Anderlecht,Waregem,2,0,H,0,0,D,13,7,7,2,10,13,7,3,1,1,0,0,1.44,4.5,6.5,1.48,4.5,6.75,1.45,4,7,1.5,4.25,5.8,1.5,4.83,6.6,1.5,4.33,5.5,1.5,4.6,6,33,1.5,1.47,4.83,4.42,7,5.96,28,1.51,1.48,2.62,2.51,16,-1.25,2.1,2.04,1.85,1.81,1.42,5.15,7.79
B1,25/10/17,Genk,Club Brugge,2,0,H,1,0,H,9,4,2,2,12,23,3,3,3,1,0,0,2.62,3.25,2.62,2.65,3.4,2.65,2.6,3.2,2.6,2.45,3.3,2.6,2.61,3.58,2.75,2.6,3.4,2.5,2.5,3.6,2.63,34,2.65,2.54,3.65,3.34,2.75,2.61,29,1.77,1.69,2.15,2.1,18,0,1.96,1.87,2.04,1.95,2.3,3.66,3.16
B1,25/10/17,Waasland-Beveren,Kortrijk,2,1,H,0,0,D,20,7,10,3,12,20,12,4,1,4,0,0,1.72,3.5,5,1.78,3.7,4.6,1.75,3.5,4.5,1.75,3.7,4.2,1.79,3.97,4.63,1.73,3.75,4.2,1.8,3.75,4.3,33,1.8,1.75,3.97,3.69,5,4.32,28,1.66,1.63,2.29,2.2,16,-0.75,2.05,2,1.88,1.85,1.81,4.11,4.37
B1,26/10/17,Antwerp,Standard,0,0,D,0,0,D,8,5,4,5,23,18,7,3,3,2,0,0,3.39,3.29,2.14,3.3,3.2,2.3,3.3,3.3,2.1,3.1,3.2,2.2,3.29,3.44,2.32,3.1,3.3,2.2,3.2,3.4,2.2,33,3.39,3.18,3.45,3.26,2.32,2.2,31,2.06,1.96,1.89,1.81,16,0.25,1.97,1.92,1.99,1.92,3.19,3.41,2.39
B1,26/10/17,St Truiden,Mouscron,1,0,H,0,0,D,12,2,2,0,23,23,9,1,0,5,0,0,1.72,3.5,5,1.8,3.5,4.75,1.75,3.5,4.5,1.8,3.4,4.25,1.85,3.7,4.67,1.75,3.6,4.33,1.8,3.5,4.6,33,1.85,1.77,3.75,3.5,5,4.44,31,1.98,1.89,1.98,1.87,15,-0.75,2.11,2.03,1.86,1.82,1.62,4.29,5.69
B1,27/10/17,Charleroi,Gent,2,1,H,1,0,H,8,6,5,2,14,9,3,6,3,3,0,0,2.7,3.2,2.6,2.8,3.25,2.6,2.65,3.3,2.5,2.7,3,2.55,2.94,3.3,2.62,2.62,3.3,2.5,2.8,3.2,2.55,35,2.94,2.78,3.3,3.14,2.63,2.55,29,2.31,2.16,1.72,1.66,20,0,2.07,2,1.89,1.84,2.9,3.27,2.67
B1,28/10/17,Eupen,Anderlecht,2,3,A,0,3,A,15,5,8,2,15,22,6,4,3,0,0,0,5.75,4.2,1.53,5.25,4.33,1.6,5.4,3.7,1.6,5,4,1.57,5.27,4.74,1.6,5.5,4.33,1.5,5.2,4.33,1.57,34,5.75,5.08,4.74,4.24,1.6,1.56,29,1.55,1.5,2.61,2.47,18,1,1.93,1.88,2.03,1.95,5.08,4.22,1.69
B1,28/10/17,Kortrijk,Genk,0,0,D,0,0,D,10,9,5,2,24,18,5,7,3,1,0,0,5.5,3.79,1.61,5,3.8,1.7,3.8,3.45,1.9,4.6,3.75,1.67,5.06,4.21,1.69,4.6,3.8,1.67,4.8,4,1.67,34,5.5,4.72,4.21,3.82,1.9,1.66,30,1.78,1.72,2.15,2.06,16,0.75,2.03,1.98,1.91,1.87,4.38,4.04,1.82
B1,28/10/17,Lokeren,Oostende,0,3,A,0,2,A,10,12,3,6,9,14,5,7,0,2,0,0,2.5,3.39,2.7,2.55,3.5,2.7,2.4,3.3,2.75,2.55,3.25,2.55,2.65,3.55,2.73,2.45,3.4,2.62,2.6,3.5,2.6,34,2.65,2.52,3.55,3.34,2.75,2.63,31,1.88,1.79,2.08,1.97,18,0,1.96,1.88,1.99,1.93,2.93,3.59,2.47
B1,28/10/17,Waregem,Mechelen,2,1,H,1,1,D,12,6,8,1,19,14,12,1,3,1,0,0,1.72,4,4.2,1.7,4.1,4.6,1.6,3.7,5.4,1.73,3.75,4.2,1.83,4.18,4.21,1.75,3.8,4,1.75,4,4.1,35,1.83,1.74,4.2,3.85,5.4,4.14,29,1.6,1.56,2.42,2.32,16,-0.75,2.07,2,1.93,1.84,1.9,4.03,3.99
B1,29/10/17,Club Brugge,St Truiden,4,1,H,2,1,H,22,7,11,4,22,15,5,2,2,0,0,0,1.44,4.75,6,1.42,5,7,1.35,4.8,7.6,1.4,4.33,7,1.43,5.02,7.95,1.33,5,8,1.4,4.75,7.5,34,1.45,1.41,5.02,4.62,8,6.84,27,1.68,1.62,2.29,2.21,16,-1.25,2.01,1.95,1.96,1.89,1.43,4.82,8.44
B1,29/10/17,Mouscron,Antwerp,2,2,D,1,0,H,10,8,7,6,14,20,6,10,2,2,0,0,2.29,3.6,2.87,2.2,3.6,3.1,2.3,3.3,2.9,2.3,3.25,2.9,2.42,3.52,3.04,2.25,3.5,2.88,2.3,3.4,3,34,2.42,2.29,3.6,3.33,3.1,2.94,30,1.95,1.85,2,1.91,16,-0.25,2.09,2.02,1.88,1.83,2.88,3.42,2.6
B1,29/10/17,Standard,Waasland-Beveren,3,1,H,3,0,H,12,7,6,3,14,19,5,4,1,4,0,0,1.57,4,5.75,1.57,4.1,5.75,1.7,3.6,4.7,1.6,3.8,5,1.68,4.16,5.28,1.5,4,5.5,1.62,4,5.25,33,1.7,1.61,4.2,3.91,5.75,5.09,26,1.78,1.71,2.15,2.08,16,-0.75,1.86,1.79,2.11,2.06,1.64,4.15,5.75
B1,03/11/17,Gent,Standard,1,0,H,0,0,D,11,9,5,4,21,20,10,5,2,2,0,0,1.85,3.39,4.33,1.91,3.5,4.2,2,3.4,3.5,1.87,3.3,4,1.93,3.58,4.41,1.91,3.4,3.8,1.9,3.5,4.1,36,2,1.88,3.58,3.4,4.5,4.08,30,2.06,2,1.86,1.78,19,-0.5,1.96,1.9,1.99,1.94,2.08,3.48,3.9
B1,04/11/17,Genk,Lokeren,0,0,D,0,0,D,14,7,4,4,16,21,4,2,3,2,0,0,1.36,4.5,9,1.36,5,8.75,1.35,4.8,7.6,1.33,4.75,8.5,1.39,5.32,8.54,1.36,4.75,7.5,1.33,5,9,35,1.39,1.34,5.32,4.86,9,8.05,29,1.6,1.55,2.5,2.35,18,-1.5,2.06,2,1.89,1.83,1.34,5.33,10.67
B1,04/11/17,Mechelen,Kortrijk,2,0,H,0,0,D,17,3,9,1,11,22,4,4,3,2,0,0,1.66,3.6,5.25,1.72,3.75,5,1.75,3.6,4.3,1.7,3.8,4.33,1.72,4.16,4.9,1.67,4,4.33,1.7,4,4.5,35,1.75,1.69,4.16,3.84,5.25,4.53,30,1.56,1.53,2.5,2.4,16,-0.75,1.95,1.9,2,1.94,1.66,4.2,5.4
B1,04/11/17,St Truiden,Eupen,4,4,D,1,0,H,10,9,6,5,23,18,4,4,1,3,0,0,1.75,3.75,4.33,1.78,3.75,4.5,1.7,3.6,4.7,1.75,3.7,4,1.81,3.96,4.53,1.75,3.75,4.2,1.8,3.75,4.3,34,1.81,1.76,4,3.7,4.7,4.22,28,1.68,1.63,2.3,2.2,16,-0.75,2.05,2.01,1.89,1.84,2.01,3.8,3.79
B1,04/11/17,Waasland-Beveren,Mouscron,2,0,H,1,0,H,8,14,7,6,20,13,4,4,3,1,0,0,1.61,4,5,1.65,3.9,5.25,1.6,3.9,5,1.61,3.9,4.8,1.66,4.28,5.3,1.65,3.8,4.75,1.62,4,5.2,34,1.66,1.62,4.28,3.91,5.3,4.93,28,1.65,1.6,2.36,2.25,16,-0.75,1.86,1.8,2.11,2.05,1.61,4.24,5.9
B1,05/11/17,Anderlecht,Club Brugge,0,0,D,0,0,D,11,12,4,3,20,20,4,4,2,4,0,0,2.04,3.29,3.6,2.1,3.3,3.75,2.1,3.3,3.3,2,3.5,3.3,2.1,3.74,3.55,2,3.6,3.3,2.05,3.5,3.5,35,2.1,2.04,3.74,3.43,3.75,3.4,29,1.73,1.68,2.21,2.12,16,-0.5,2.12,2.05,1.84,1.79,2.03,3.66,3.86
B1,05/11/17,Antwerp,Charleroi,1,3,A,1,2,A,10,10,4,4,19,8,7,2,0,0,0,0,2.79,3.25,2.5,2.75,3.25,2.65,2.6,3.2,2.6,2.65,3.1,2.6,2.83,3.36,2.67,2.62,3.2,2.6,2.7,3.25,2.63,35,2.83,2.69,3.36,3.16,2.67,2.58,32,2.19,2.09,1.75,1.7,18,0,2.01,1.94,1.95,1.88,2.67,3.16,2.99
B1,05/11/17,Oostende,Waregem,4,2,H,2,0,H,12,14,7,6,7,10,2,10,1,5,1,0,2,3.39,3.75,2,3.6,3.7,2.1,3.3,3.3,1.95,3.6,3.3,2.03,3.64,3.88,2,3.75,3.2,2,3.7,3.5,35,2.1,1.98,3.75,3.54,3.88,3.45,29,1.61,1.55,2.5,2.37,17,-0.5,2.04,1.99,1.9,1.85,2.14,3.73,3.46
B1,17/11/17,Charleroi,Mechelen,2,0,H,1,0,H,9,9,6,6,22,10,2,3,2,1,0,1,1.8,3.6,4.33,1.83,3.6,4.4,1.8,3.5,4.2,1.8,3.5,4,1.88,3.81,4.34,1.8,3.5,4.2,1.8,3.7,4.3,36,1.88,1.81,3.83,3.6,4.41,4.15,30,1.86,1.78,2.08,2,19,-0.5,1.88,1.81,2.09,2.04,1.93,3.75,4.18
B1,18/11/17,Eupen,Antwerp,0,1,A,0,0,D,9,6,5,3,15,22,4,3,0,5,0,0,2.25,3.5,3,2.35,3.4,3,2.4,3.3,2.75,2.25,3.3,2.87,2.4,3.47,3.12,2.25,3.6,2.8,2.3,3.6,2.9,36,2.4,2.3,3.6,3.38,3.12,2.92,31,1.81,1.7,2.25,2.09,17,-0.25,2.06,2,1.9,1.85,2.19,3.53,3.51
B1,18/11/17,Kortrijk,St Truiden,3,2,H,1,0,H,10,10,8,4,15,22,6,10,3,3,1,0,2.7,3.1,2.7,2.6,3.4,2.7,2.6,3.2,2.6,2.55,3.3,2.55,2.73,3.41,2.74,2.5,3.4,2.6,2.6,3.5,2.6,36,2.73,2.58,3.55,3.3,2.74,2.6,33,1.83,1.75,2.16,2.03,19,0,1.97,1.91,1.98,1.91,2.76,3.51,2.65
B1,18/11/17,Mouscron,Anderlecht,1,2,A,0,1,A,11,11,4,4,9,16,5,4,0,1,0,0,7,4.33,1.44,7.25,4.6,1.44,6.1,4,1.5,6.5,4.2,1.44,7.49,4.63,1.48,6.5,4.33,1.44,7,4.5,1.45,36,7.49,6.64,4.63,4.33,1.5,1.45,30,1.77,1.68,2.25,2.12,17,1.25,1.84,1.79,2.13,2.08,5.68,3.75,1.71
B1,18/11/17,Standard,Oostende,0,0,D,0,0,D,8,4,3,1,13,15,8,3,1,2,1,2,1.8,3.75,4.2,1.83,3.7,4.33,1.8,3.5,4.2,1.8,3.6,4,1.85,3.85,4.46,1.8,3.6,4,1.8,3.75,4.2,36,1.85,1.8,3.85,3.65,4.46,4.11,33,1.73,1.68,2.28,2.14,18,-0.5,1.85,1.8,2.11,2.04,1.69,4.11,5.24
B1,19/11/17,Club Brugge,Waasland-Beveren,3,0,H,1,0,H,16,4,9,1,18,20,8,4,1,1,0,0,1.36,4.75,8.5,1.36,5.25,8,1.35,4.8,7.6,1.36,4.8,8,1.35,5.71,9.13,1.35,4.8,7.5,1.33,5.2,8,34,1.36,1.34,5.71,4.99,9.13,7.81,29,1.5,1.48,2.9,2.55,18,-1.5,2.07,2,1.87,1.83,1.37,5.46,8.9
B1,19/11/17,Lokeren,Gent,0,3,A,0,1,A,3,15,3,7,19,25,1,5,3,4,1,0,4.2,3.6,1.83,4.33,3.5,1.87,4.2,3.5,1.8,3.9,3.3,1.91,4.42,3.52,1.94,4.2,3.3,1.85,4,3.5,1.9,35,4.42,4.07,3.6,3.4,1.95,1.86,32,2.13,2.02,1.83,1.75,17,0.5,1.98,1.94,1.96,1.9,5.17,3.92,1.74
B1,19/11/17,Waregem,Genk,0,1,A,0,1,A,8,9,2,3,14,13,7,3,1,3,0,0,2.79,3.25,2.5,2.75,3.3,2.6,2.65,3.3,2.5,2.65,3.3,2.4,2.86,3.51,2.56,2.6,3.5,2.45,2.7,3.6,2.45,35,2.86,2.7,3.6,3.35,2.6,2.46,30,1.78,1.69,2.25,2.1,18,0,2.08,2.01,1.86,1.82,3.14,3.66,2.31
B1,24/11/17,Gent,Mouscron,3,1,H,2,1,H,13,7,5,5,11,22,4,4,1,3,0,0,1.3,5.25,9.5,1.3,5.25,10.5,1.3,5,9,1.28,5,10,1.35,5.45,9.69,1.25,5.5,10,1.3,5.25,9.5,34,1.35,1.31,5.8,5.11,10.5,9.09,28,1.66,1.61,2.32,2.24,18,-1.5,2.05,1.98,1.91,1.86,1.25,6.8,13.3
B1,25/11/17,Antwerp,Mechelen,0,0,D,0,0,D,7,12,3,5,24,16,3,6,2,3,0,0,2.14,3.39,3.29,2.1,3.5,3.5,2.1,3.3,3.3,2.1,3.2,3.3,2.19,3.54,3.51,2.1,3.25,3.4,2.1,3.4,3.4,34,2.2,2.11,3.54,3.32,3.51,3.33,32,2.04,1.97,1.88,1.8,16,-0.25,1.91,1.85,2.07,2.01,2.31,3.34,3.42
B1,25/11/17,Oostende,Eupen,1,0,H,0,0,D,9,6,6,2,18,16,8,5,2,1,0,0,1.72,4,4.2,1.75,3.9,4.5,1.7,3.7,4.5,1.7,3.8,4.2,1.75,4.22,4.64,1.73,3.8,4.2,1.73,4,4.33,34,1.75,1.71,4.22,3.89,4.64,4.28,29,1.5,1.48,2.75,2.53,16,-0.75,1.97,1.93,1.96,1.92,1.93,3.92,4
B1,25/11/17,St Truiden,Lokeren,0,0,D,0,0,D,13,0,8,0,14,23,8,2,2,3,0,2,1.75,3.75,4.33,1.8,3.7,4.5,1.8,3.5,4.2,1.75,3.5,4.2,1.81,3.81,4.74,1.75,3.6,4.33,1.8,3.6,4.4,34,1.84,1.78,3.81,3.61,4.74,4.25,31,1.85,1.75,2.11,2.02,15,-0.75,2.07,2.01,1.89,1.84,2.01,3.56,4.05
B1,25/11/17,Waasland-Beveren,Charleroi,0,2,A,0,0,D,13,6,7,4,13,13,6,4,1,3,0,1,2.45,3.2,2.87,2.5,3.4,2.8,2.4,3.3,2.75,2.5,3.1,2.7,2.58,3.41,2.91,2.45,3.2,2.8,2.5,3.3,2.8,33,2.58,2.49,3.41,3.22,2.91,2.76,31,2.09,2.01,1.86,1.77,18,0,1.89,1.83,2.07,2,2.49,3.46,3
B1,26/11/17,Anderlecht,Kortrijk,4,0,H,2,0,H,12,6,7,0,16,15,7,2,2,2,0,0,1.25,6,10,1.26,6.25,10.5,1.25,5.5,10.3,1.25,5.5,11,1.27,6.84,10.94,1.25,6,9,1.25,6,10.5,34,1.27,1.24,6.84,5.93,12,9.88,25,1.44,1.39,3.2,2.82,16,-1.75,1.99,1.94,1.98,1.92,1.26,6.78,12
B1,26/11/17,Club Brugge,Waregem,3,2,H,0,1,A,10,5,6,3,13,19,11,1,3,3,0,0,1.36,5,7.5,1.36,5.25,7.75,1.4,4.4,7.3,1.36,4.75,7.5,1.37,5.52,8.59,1.36,4.75,7.5,1.36,5,8,34,1.4,1.35,5.52,4.93,8.59,7.59,25,1.53,1.49,2.7,2.5,16,-1.25,1.86,1.8,2.12,2.06,1.32,5.69,10.66
B1,26/11/17,Genk,Standard,0,2,A,0,1,A,3,5,1,4,21,22,4,1,3,2,0,0,1.85,3.5,4.2,1.91,3.6,4,2.1,3.3,3.3,1.87,3.3,3.9,1.93,3.67,4.29,1.91,3.4,3.8,1.9,3.5,4.1,34,2.1,1.89,3.67,3.46,4.29,3.9,32,2.04,1.95,1.92,1.81,17,-0.5,1.95,1.9,1.99,1.94,1.96,3.65,4.15
B1,01/12/17,Charleroi,Oostende,1,1,D,1,0,H,7,11,4,8,22,17,2,6,3,4,0,0,1.9,3.6,3.75,1.91,3.5,4.1,1.9,3.45,3.8,2,3.25,3.5,2.06,3.57,3.85,2,3.4,3.5,2,3.5,3.6,35,2.06,1.97,3.6,3.4,4.1,3.68,31,2.02,1.94,1.9,1.83,18,-0.5,2.07,2.02,1.9,1.84,2.31,3.37,3.38
B1,02/12/17,Kortrijk,Waasland-Beveren,4,1,H,2,0,H,12,17,7,7,21,18,2,7,2,1,0,0,2.6,3.5,2.54,2.55,3.5,2.7,2.85,3.4,2.3,2.5,3.4,2.55,2.57,3.66,2.76,2.5,3.4,2.6,2.55,3.5,2.63,34,2.85,2.51,3.66,3.44,2.76,2.6,26,1.68,1.63,2.28,2.19,18,0,2.1,1.89,2.03,1.95,2.82,3.85,2.43
B1,02/12/17,Lokeren,Anderlecht,1,2,A,1,1,D,14,17,4,6,16,19,3,2,2,5,0,0,7,4,1.5,5.75,4.1,1.57,5.5,4,1.55,5.5,3.9,1.53,6.54,4.17,1.58,6,3.8,1.53,5.75,4.1,1.55,35,7,5.75,4.2,3.96,1.58,1.54,28,1.83,1.76,2.13,2.02,18,1,1.93,1.88,2.01,1.95,6.39,4.38,1.56
B1,02/12/17,Mechelen,Genk,3,2,H,3,0,H,5,11,3,6,20,13,3,6,2,3,0,0,3.1,3.5,2.2,3.4,3.4,2.15,3.2,3.4,2.1,3,3.25,2.2,3.27,3.47,2.32,3.25,3.4,2.1,3.13,3.5,2.2,34,3.4,3.12,3.5,3.32,2.32,2.2,28,1.91,1.84,2.02,1.93,16,0.25,1.96,1.91,2,1.94,3.45,3.54,2.21
B1,02/12/17,Mouscron,St Truiden,1,1,D,1,1,D,7,10,5,4,25,18,5,5,3,2,0,0,2.5,3.39,2.7,2.55,3.25,2.85,2.5,3.3,2.65,2.5,3.25,2.65,2.56,3.54,2.84,2.6,3.4,2.5,2.55,3.4,2.7,35,2.63,2.51,3.55,3.29,2.85,2.67,29,1.97,1.83,2.02,1.94,18,0,1.91,1.87,2.05,1.97,2.95,3.53,2.48
B1,03/12/17,Eupen,Club Brugge,2,2,D,2,0,H,6,9,2,5,12,23,4,5,4,3,0,0,5.25,4.2,1.57,4.75,4.33,1.65,5,3.9,1.6,5.2,3.9,1.57,5.38,4.58,1.61,4.75,4,1.62,5.25,4.2,1.57,33,5.38,5.01,4.58,4.1,1.65,1.58,29,1.65,1.58,2.5,2.31,18,1,1.89,1.83,2.07,2.01,5.41,4.13,1.67
B1,03/12/17,Standard,Antwerp,1,1,D,1,0,H,8,5,2,3,12,16,4,4,2,1,0,0,1.53,3.79,6.5,1.57,4.1,6,1.55,4,5.5,1.53,3.8,6,1.56,4.27,6.61,1.53,3.8,6,1.53,4.1,6,32,1.57,1.53,4.27,3.95,6.61,5.9,27,1.98,1.86,2,1.91,18,-1,2.03,1.96,1.93,1.88,1.7,3.77,5.8
B1,03/12/17,Waregem,Gent,0,1,A,0,1,A,10,10,4,6,20,20,6,4,4,5,0,1,3.29,3.6,2.04,3.4,3.4,2.15,3.2,3.4,2.1,3.2,3.3,2.1,3.41,3.7,2.17,3.25,3.5,2.05,3.25,3.6,2.15,33,3.41,3.25,3.7,3.44,2.19,2.1,27,1.85,1.76,2.14,2.01,16,0.25,2.04,2,1.9,1.86,3.27,3.55,2.29
B1,08/12/17,Waasland-Beveren,Standard,3,1,H,1,1,D,16,9,7,4,19,27,4,6,1,2,0,0,2.75,3.5,2.39,2.9,3.3,2.5,2.75,3.3,2.4,2.75,3.2,2.45,2.96,3.45,2.51,2.75,3.25,2.45,2.8,3.3,2.5,37,3,2.81,3.5,3.26,2.57,2.45,31,2.06,1.98,1.87,1.81,21,0,2.11,2.03,1.85,1.8,2.87,3.42,2.6
B1,09/12/17,Antwerp,Mouscron,1,0,H,0,0,D,18,7,8,4,20,13,6,5,0,0,0,0,1.6,3.79,5.75,1.65,3.8,5.5,1.65,3.7,4.9,1.61,3.6,5.2,1.68,3.97,5.63,1.62,3.6,5.5,1.65,3.75,5.4,37,1.69,1.63,3.97,3.69,5.8,5.17,32,2.02,1.95,1.92,1.83,20,-0.75,1.89,1.84,2.05,1.98,1.65,3.96,6.06
B1,09/12/17,Genk,Eupen,1,1,D,1,1,D,9,5,5,2,22,15,4,0,2,4,0,0,1.44,4.75,6,1.42,5.25,6.5,1.4,4.4,7.3,1.44,4.4,6.5,1.46,5.16,6.87,1.44,4.5,6,1.44,4.75,6.5,37,1.5,1.43,5.25,4.68,7.3,6.27,32,1.56,1.52,2.51,2.43,20,-1.25,2.04,1.96,1.96,1.87,1.54,4.19,7.22
B1,09/12/17,Gent,Kortrijk,2,1,H,2,1,H,11,5,4,2,27,16,11,3,1,1,0,0,1.3,5.5,9,1.3,5.5,10.5,1.3,5,9,1.3,5,9.5,1.32,5.84,10.71,1.29,5,10,1.29,5.5,10,37,1.35,1.29,5.84,5.28,11.45,9.29,32,1.65,1.59,2.4,2.27,22,-1.5,1.96,1.89,1.98,1.92,1.33,5.67,10.45
B1,09/12/17,Oostende,Mechelen,0,1,A,0,1,A,9,6,4,3,13,16,6,2,0,0,0,0,1.8,3.75,4.2,1.8,3.8,4.25,1.9,3.5,3.7,1.8,3.6,4,1.83,4.06,4.29,1.8,3.6,4,1.8,3.8,4.1,37,1.9,1.81,4.06,3.69,4.29,4,26,1.7,1.63,2.25,2.2,20,-0.5,1.87,1.79,2.12,2.03,1.97,3.77,3.96
B1,10/12/17,Anderlecht,Charleroi,1,3,A,0,1,A,12,11,7,8,19,19,5,2,5,4,2,1,1.39,4.33,8.5,1.45,4.4,7.5,1.5,4,6.1,1.44,4.2,7,1.46,4.64,8.13,1.36,4.4,8.5,1.44,4.33,7.5,37,1.5,1.42,4.64,4.29,8.5,7.31,32,1.9,1.82,2.03,1.95,20,-1.25,2.09,2.03,1.85,1.8,1.61,3.99,6.45
B1,10/12/17,Club Brugge,Lokeren,3,1,H,3,0,H,9,7,7,4,18,14,10,5,0,0,0,0,1.25,5.75,11,1.22,6.75,12.5,1.25,5.5,10.3,1.25,5.5,12,1.24,6.89,14.01,1.25,5,12,1.22,6.25,12,37,1.28,1.23,6.89,5.89,14.01,11.55,32,1.54,1.52,2.6,2.44,20,-1.75,2,1.92,1.98,1.9,1.19,8.15,16.5
B1,10/12/17,St Truiden,Waregem,1,1,D,0,1,A,5,8,2,6,15,23,2,7,2,1,1,0,2.1,3.5,3.29,2.25,3.5,3.1,2.1,3.3,3.3,2.2,3.3,3,2.27,3.65,3.22,2.15,3.4,3.1,2.2,3.4,3.2,36,2.27,2.19,3.65,3.39,3.3,3.1,29,1.84,1.77,2.11,2.01,20,-0.25,1.97,1.91,1.99,1.91,2.18,3.64,3.42
B1,15/12/17,Mouscron,Oostende,1,0,H,0,0,D,15,12,7,2,22,20,3,7,1,0,0,0,3.5,3.39,2.04,3.5,3.5,2.1,3,3.4,2.2,3.3,3.3,2.05,3.67,3.56,2.12,3.3,3.3,2.1,3.4,3.5,2.1,35,3.67,3.36,3.6,3.41,2.2,2.09,33,1.97,1.86,2,1.93,19,0.25,2.09,2.01,1.9,1.83,3.35,3.47,2.28
B1,16/12/17,Eupen,St Truiden,0,0,D,0,0,D,9,7,4,2,16,26,4,5,2,1,0,0,2.25,3.5,3,2.3,3.5,3,2.5,3.3,2.65,2.25,3.3,2.9,2.35,3.58,3.12,2.2,3.4,3,2.25,3.5,3,33,2.5,2.27,3.58,3.36,3.12,2.97,30,1.83,1.75,2.14,2.04,16,-0.25,2.03,1.97,1.94,1.88,2.03,3.59,3.92
B1,16/12/17,Kortrijk,Mechelen,2,0,H,2,0,H,4,9,3,3,22,13,3,6,3,1,0,0,2.54,3.39,2.62,2.55,3.5,2.7,2.4,3.3,2.75,2.5,3.3,2.6,2.58,3.68,2.73,2.4,3.4,2.7,2.55,3.5,2.63,34,2.65,2.52,3.68,3.37,2.75,2.63,31,1.81,1.75,2.12,2.04,16,0,1.96,1.88,2.02,1.95,2.38,3.59,3.08
B1,16/12/17,Lokeren,Waasland-Beveren,1,1,D,0,0,D,7,6,4,1,15,19,6,6,2,2,0,0,2.75,3.29,2.5,2.65,3.4,2.65,2.6,3.2,2.6,2.62,3.3,2.45,2.76,3.61,2.6,2.7,3.3,2.45,2.7,3.4,2.55,33,2.76,2.67,3.61,3.35,2.65,2.5,30,1.84,1.76,2.12,2.03,16,0,2.04,1.98,1.92,1.86,2.81,3.57,2.57
B1,16/12/17,Standard,Gent,0,0,D,0,0,D,8,8,4,3,18,25,8,7,4,6,0,0,2.2,3.2,3.39,2.3,3.3,3.2,2.2,3.3,3.1,2.25,3.1,3.1,2.38,3.41,3.21,2.15,3.25,3.25,2.25,3.3,3.2,34,2.38,2.28,3.41,3.2,3.39,3.12,31,2.16,2.06,1.8,1.74,17,-0.25,2.04,1.97,1.94,1.86,2.31,3.22,3.54
B1,17/12/17,Charleroi,Genk,1,1,D,0,0,D,7,2,4,2,14,18,4,3,1,2,0,0,2.37,3.5,2.79,2.45,3.3,2.95,2.2,3.3,3.1,2.4,3,2.9,2.51,3.28,3.09,2.4,3,3,2.45,3.2,2.9,34,2.51,2.41,3.5,3.13,3.1,2.95,27,2.27,2.2,1.7,1.64,16,-0.25,2.16,2.1,1.81,1.76,2.39,3.42,3.18
B1,17/12/17,Club Brugge,Anderlecht,5,0,H,2,0,H,11,6,9,1,15,13,7,2,0,2,0,0,2,3.5,3.6,2,3.6,3.7,2,3.3,3.6,1.95,3.4,3.5,2.02,3.81,3.74,2,3.5,3.4,2,3.6,3.6,34,2.03,1.98,3.81,3.5,3.75,3.54,31,1.82,1.75,2.14,2.04,17,-0.5,2.04,1.98,1.9,1.85,2.07,3.69,3.7
B1,17/12/17,Waregem,Antwerp,1,2,A,0,2,A,14,6,8,3,17,22,9,2,2,4,0,0,1.85,3.39,4.33,1.95,3.6,3.9,2,3.3,3.6,1.91,3.3,3.8,2,3.61,4.02,1.91,3.4,3.8,1.91,3.5,4,33,2,1.92,3.61,3.42,4.33,3.84,30,2.04,1.94,1.91,1.84,17,-0.5,2,1.92,1.97,1.91,1.93,3.61,4.36
B1,20/12/17,Mechelen,Club Brugge,0,3,A,0,2,A,5,14,3,10,16,13,3,6,4,2,2,0,4.2,3.6,1.83,4.1,3.7,1.85,4.5,3.5,1.75,3.9,3.5,1.85,4.09,3.92,1.9,4,3.5,1.83,4.1,3.7,1.85,36,4.5,3.99,3.94,3.62,1.92,1.85,35,1.87,1.79,2.06,1.99,17,0.75,1.78,1.74,2.2,2.13,5.9,3.99,1.65
B1,21/12/17,Antwerp,Lokeren,1,2,A,0,1,A,20,9,7,5,23,11,7,0,3,1,0,0,1.72,3.6,4.75,1.75,3.7,4.75,1.75,3.5,4.5,1.73,3.4,4.8,1.75,3.71,5.39,1.73,3.5,4.6,1.73,3.6,5,34,1.77,1.72,3.71,3.54,5.39,4.79,32,2.17,2.05,1.8,1.74,17,-0.75,2.02,1.96,1.93,1.88,2.09,3.44,3.89
B1,21/12/17,Gent,Charleroi,1,0,H,0,0,D,16,4,9,2,18,16,6,2,4,3,0,0,1.72,3.6,4.75,1.78,3.5,4.75,1.9,3.45,3.8,1.75,3.25,4.6,1.8,3.58,5.23,1.75,3.4,4.6,1.8,3.5,4.6,35,1.9,1.77,3.6,3.41,5.23,4.63,32,2.26,2.17,1.72,1.66,17,-0.75,2.12,2.04,1.86,1.8,1.81,3.49,5.33
B1,22/12/17,Anderlecht,Eupen,1,0,H,1,0,H,11,3,6,1,20,26,10,3,0,0,0,0,1.33,5.25,8,1.36,5.25,7.75,1.3,5,9,1.36,4.75,7.5,1.38,5.65,8.19,1.35,4.8,7.5,1.36,5.2,7.5,35,1.42,1.35,5.65,5.07,9,7.47,29,1.5,1.46,2.75,2.6,18,-1.5,2.08,2,1.94,1.83,1.31,5.87,10.7
B1,22/12/17,Waasland-Beveren,Oostende,1,3,A,0,1,A,18,7,3,5,16,21,11,5,2,4,0,0,2.37,3.29,2.89,2.3,3.5,3,2.4,3.3,2.75,2.25,3.3,2.9,2.32,3.7,3.09,2.3,3.4,2.88,2.25,3.5,3,34,2.4,2.29,3.7,3.4,3.1,2.93,33,1.85,1.76,2.15,2.03,16,-0.25,2.06,2,1.9,1.83,2.63,3.64,2.7
B1,23/12/17,Genk,Kortrijk,2,3,A,0,1,A,11,8,5,3,9,27,11,3,2,5,1,0,1.44,4.2,7.5,1.5,4.4,6.5,1.55,4,5.5,1.44,4,6.5,1.5,4.54,7.24,1.53,3.8,6,1.45,4.3,7.5,33,1.55,1.47,4.54,4.21,7.5,6.46,30,1.81,1.74,2.12,2.03,16,-1,1.85,1.79,2.11,2.05,1.39,5.07,9.2
B1,23/12/17,Mouscron,Waregem,2,1,H,1,1,D,14,7,6,2,23,21,6,3,3,5,0,1,2.79,3.39,2.39,2.85,3.4,2.45,2.75,3.3,2.4,2.8,3.3,2.35,2.94,3.62,2.44,2.7,3.4,2.4,2.8,3.5,2.4,33,2.94,2.79,3.62,3.39,2.45,2.36,31,1.88,1.8,2.06,1.97,15,0.25,1.83,1.76,2.16,2.09,3.01,3.75,2.35
B1,23/12/17,Standard,St Truiden,1,1,D,0,0,D,9,7,3,2,17,13,8,5,5,5,0,0,1.61,3.75,5.5,1.65,3.9,5.25,1.65,3.6,5.1,1.61,3.6,5.2,1.7,3.91,5.52,1.67,3.6,5,1.65,3.75,5.4,32,1.7,1.64,3.91,3.73,5.52,5.09,30,2.02,1.94,1.9,1.83,15,-0.75,1.9,1.84,2.06,1.99,1.56,4.17,6.87
B1,26/12/17,Anderlecht,Gent,1,0,H,0,0,D,6,7,4,2,23,23,3,2,3,3,0,1,2,3.39,3.75,2,3.3,3.7,1.9,3.45,3.8,2,3.2,3.7,2.03,3.49,4.07,1.91,3.4,3.8,2,3.4,3.75,36,2.04,1.98,3.6,3.33,4.07,3.75,33,2.13,2.05,1.85,1.75,18,-0.5,2.06,2,1.89,1.84,2.07,3.44,3.99
B1,26/12/17,Club Brugge,Mouscron,4,2,H,0,1,A,8,8,8,4,20,15,5,1,3,2,0,1,1.16,7,15,1.15,7.5,15,1.15,7,15,1.14,7.5,19,,,,1.12,7.5,13,1.13,8,19,35,1.19,1.15,8.05,7.39,19.5,15.25,29,1.42,1.37,3.05,2.91,17,-2.25,2.04,1.97,1.93,1.86,1.21,7.76,13.8
B1,26/12/17,Eupen,Waasland-Beveren,1,0,H,0,0,D,10,6,3,2,17,21,10,2,5,3,1,0,2.25,3.6,2.87,2.35,3.4,2.85,2.6,3.2,2.6,2.3,3.3,2.87,2.35,3.81,2.97,2.3,3.3,2.9,2.3,3.6,2.88,35,2.6,2.3,3.81,3.49,2.97,2.86,29,1.8,1.65,2.32,2.18,18,-0.25,2.05,2,1.88,1.84,2.37,3.72,2.99
B1,26/12/17,Lokeren,Mechelen,2,0,H,0,0,D,8,9,7,4,15,14,3,5,1,1,0,0,2.75,3.29,2.5,2.75,3.2,2.55,2.4,3.3,2.75,2.7,3.2,2.45,2.8,3.57,2.58,2.75,3.4,2.38,2.8,3.4,2.45,36,2.9,2.74,3.57,3.29,2.75,2.48,33,1.93,1.84,2.08,1.93,17,0,2.11,2.02,1.9,1.82,2.49,3.48,2.98
B1,26/12/17,Waregem,Charleroi,0,4,A,0,2,A,5,18,2,10,12,9,1,5,1,0,2,0,2.54,3.39,2.62,2.6,3.4,2.55,2.6,3.2,2.6,2.55,3.2,2.6,2.66,3.47,2.77,2.6,3.25,2.6,2.6,3.4,2.63,36,2.68,2.59,3.47,3.26,2.77,2.63,34,1.99,1.91,2,1.86,17,0,1.94,1.9,2,1.94,2.36,3.48,3.23
B1,27/12/17,Kortrijk,Standard,2,1,H,0,0,D,6,10,2,5,16,27,7,8,3,5,0,1,3.2,3.29,2.25,3.2,3.2,2.25,2.9,3.3,2.3,3,3.2,2.2,3.29,3.36,2.37,3,3.3,2.25,3,3.4,2.3,35,3.29,3.08,3.55,3.27,2.37,2.25,33,1.98,1.9,1.94,1.87,17,0.25,1.92,1.86,2.05,1.97,4.42,3.73,1.88
B1,27/12/17,St Truiden,Antwerp,0,3,A,0,2,A,6,10,2,5,13,25,3,5,4,3,0,0,2,3.39,3.75,2,3.3,3.7,2,3.3,3.6,2.05,3.1,3.5,2.13,3.36,3.87,2,3.3,3.6,2.05,3.3,3.7,35,2.13,2.05,3.45,3.26,3.87,3.59,32,2.25,2.11,1.8,1.69,17,-0.5,2.13,2.08,1.83,1.78,1.93,3.52,4.48
B1,16/01/18,Oostende,Genk,1,2,A,0,1,A,18,10,11,2,15,16,8,4,1,4,0,0,2.75,3.25,2.54,2.7,3.3,2.65,2.6,3.2,2.6,2.55,3.25,2.55,2.77,3.54,2.63,2.6,3.3,2.5,2.63,3.4,2.55,37,2.77,2.66,3.54,3.32,2.65,2.55,35,1.92,1.86,2.01,1.92,18,0,2.03,1.95,1.92,1.87,2.81,3.54,2.55
B1,19/01/18,Charleroi,Mouscron,2,0,H,1,0,H,8,6,3,3,20,19,2,3,1,2,0,0,1.6,4,5.5,1.67,3.7,5.5,1.5,4,6.1,1.61,3.6,5,1.65,3.94,5.82,1.67,3.6,5,1.62,3.9,5.4,37,1.7,1.64,4.05,3.77,6.1,5.18,35,1.95,1.86,1.99,1.91,18,-0.75,1.86,1.82,2.08,2,1.79,3.63,5.08
B1,20/01/18,Mechelen,Waregem,0,2,A,0,0,D,3,8,1,5,16,23,3,1,5,3,0,0,2.14,3.39,3.25,2.15,3.5,3.3,2.2,3.3,3.1,2.2,3.3,3.1,2.28,3.57,3.26,2.2,3.3,3.1,2.25,3.4,3.1,36,2.28,2.2,3.57,3.37,3.3,3.1,34,1.88,1.8,2.06,1.97,17,-0.25,2,1.94,1.94,1.88,2.51,3.52,2.87
B1,20/01/18,Oostende,Kortrijk,2,1,H,2,1,H,14,19,11,12,15,19,4,8,2,4,0,0,1.66,3.75,5,1.7,4,4.75,1.65,3.9,4.6,1.67,3.75,4.5,1.68,4.19,5.25,1.65,3.8,4.75,1.67,4,4.75,36,1.7,1.66,4.19,3.88,5.25,4.68,30,1.69,1.64,2.26,2.19,17,-0.75,1.93,1.86,2.05,1.96,1.65,4.31,5.24
B1,20/01/18,Standard,Eupen,3,2,H,2,2,D,14,4,7,3,21,19,10,1,1,4,0,1,1.5,4.33,6,1.55,4.25,5.75,1.5,4,6.1,1.53,3.9,6,1.55,4.32,6.79,1.5,4,6,1.5,4.2,6.5,36,1.58,1.52,4.33,4.06,6.79,5.96,34,1.9,1.82,2.05,1.95,19,-1,1.95,1.89,2,1.92,1.58,3.98,6.75
B1,20/01/18,Waasland-Beveren,St Truiden,3,1,H,2,1,H,12,12,7,10,7,15,4,7,1,0,0,0,2,3.5,3.6,2,3.6,3.7,2,3.3,3.6,2.05,3.3,3.3,2.09,3.63,3.69,2.1,3.3,3.3,2.05,3.5,3.5,35,2.13,2.06,3.63,3.41,3.7,3.42,33,1.95,1.86,2,1.91,17,-0.25,1.83,1.78,2.12,2.05,2.18,3.55,3.45
B1,21/01/18,Antwerp,Club Brugge,2,2,D,2,0,H,6,8,4,4,15,17,5,5,2,4,0,0,5.5,3.6,1.64,5.75,3.6,1.67,4.5,3.7,1.7,4.8,3.6,1.67,5.45,3.76,1.72,4.8,3.5,1.7,5.2,3.75,1.67,34,5.75,5.01,3.76,3.59,1.73,1.68,32,2.05,1.98,1.91,1.8,17,0.75,2,1.93,1.95,1.89,4.62,3.47,1.9
B1,21/01/18,Genk,Anderlecht,0,1,A,0,1,A,10,8,4,3,10,20,3,8,3,5,1,0,2.54,3.29,2.7,2.6,3.3,2.75,2.6,3.2,2.6,2.5,3.2,2.65,2.63,3.5,2.78,2.6,3.2,2.62,2.55,3.4,2.7,36,2.63,2.53,3.5,3.28,2.78,2.67,34,2,1.93,1.94,1.84,16,0,1.91,1.85,2.04,1.96,2.29,3.57,3.19
B1,21/01/18,Gent,Lokeren,3,0,H,1,0,H,14,8,5,3,12,13,6,5,2,1,0,0,1.3,5.5,9,1.3,5.5,10.5,1.33,5,8,1.3,4.8,10,1.32,5.53,11.34,1.29,5,10,1.29,5.25,11,36,1.35,1.3,5.53,5.07,11.34,9.68,33,1.77,1.71,2.2,2.08,19,-1.5,1.99,1.93,1.96,1.88,1.59,4.19,6.21
B1,23/01/18,Mouscron,Kortrijk,0,3,A,0,0,D,9,10,4,6,14,19,2,2,2,2,0,0,2.29,3.39,3,2.3,3.4,3.1,2.2,3.3,3.1,2.2,3.25,3,2.35,3.52,3.12,2.25,3.3,3,2.3,3.4,3,37,2.39,2.28,3.52,3.35,3.15,3.01,35,1.99,1.87,2,1.9,18,-0.25,2.06,1.99,1.87,1.83,2.4,3.33,3.19
B1,23/01/18,St Truiden,Mechelen,2,0,H,1,0,H,13,7,4,3,16,26,2,1,1,3,0,1,2.14,3.39,3.29,2.1,3.4,3.6,2.1,3.3,3.3,2.05,3.2,3.5,2.13,3.43,3.71,2.1,3.25,3.4,2.05,3.4,3.6,37,2.15,2.09,3.43,3.28,3.78,3.53,32,2.17,2.06,1.82,1.74,19,-0.25,1.83,1.78,2.12,2.05,2.24,3.27,3.58
B1,23/01/18,Waregem,Standard,2,1,H,1,0,H,5,8,4,5,19,17,6,6,2,4,0,1,2.75,3.29,2.5,2.8,3.4,2.5,2.6,3.2,2.6,2.7,3.1,2.5,2.88,3.4,2.57,2.7,3.1,2.6,2.75,3.3,2.55,37,2.88,2.74,3.4,3.23,2.62,2.53,35,2.08,2,1.85,1.78,18,0,2.06,1.98,1.89,1.84,2.84,3.37,2.62
B1,24/01/18,Anderlecht,Waasland-Beveren,2,2,D,1,1,D,12,10,4,5,13,13,4,7,0,3,0,0,1.39,4.75,7,1.42,4.75,7.25,1.4,4.4,7.3,1.4,4.5,6.5,1.42,5.14,7.51,1.4,4.5,7,1.4,4.8,7,35,1.45,1.41,5.14,4.72,7.51,6.72,30,1.53,1.51,2.55,2.45,17,-1.25,1.99,1.9,1.98,1.92,1.4,5.11,8.43
B1,24/01/18,Antwerp,Gent,1,1,D,1,1,D,7,8,4,3,18,14,2,9,4,3,0,0,3.2,3.25,2.25,3.5,3.1,2.25,2.9,3.3,2.3,3.2,3,2.25,3.42,3.21,2.35,3.2,3.1,2.25,3.2,3.2,2.3,36,3.5,3.22,3.3,3.09,2.37,2.28,30,2.38,2.31,1.61,1.58,17,0.25,1.91,1.84,2.07,1.97,2.86,3.18,2.73
B1,24/01/18,Eupen,Charleroi,1,0,H,1,0,H,9,14,2,7,21,15,2,10,2,1,0,0,2.6,3.1,2.79,2.7,3.5,2.55,2.75,3.3,2.4,2.55,3.1,2.65,2.71,3.38,2.75,2.6,3.2,2.62,2.6,3.3,2.7,36,2.75,2.61,3.5,3.22,2.79,2.65,33,2.14,2.02,1.83,1.76,16,0,1.94,1.89,1.99,1.93,3,3.31,2.53
B1,24/01/18,Lokeren,Genk,1,2,A,0,0,D,15,7,7,5,18,13,5,6,1,1,0,0,4,3.39,1.9,3.9,3.4,2,3.6,3.3,2,3.7,3.2,1.95,3.98,3.55,2.01,3.6,3.3,2,3.8,3.4,1.95,36,4.01,3.76,3.55,3.34,2.02,1.97,33,2.2,2.05,1.8,1.74,17,0.5,1.9,1.85,2.03,1.97,3.88,3.6,2.02
B1,25/01/18,Club Brugge,Oostende,3,2,H,2,0,H,15,11,8,7,15,15,3,5,2,1,0,0,1.44,4.5,6.5,1.44,5,6.5,1.5,4,6.1,1.44,4.33,6,1.47,4.98,6.76,1.5,4.33,5.5,1.45,4.75,6.25,36,1.51,1.46,5,4.55,6.76,6.02,31,1.53,1.51,2.6,2.46,17,-1.25,2.07,1.99,1.89,1.83,1.34,5.73,9.01
B1,26/01/18,Mechelen,Mouscron,0,2,A,0,1,A,11,8,3,3,19,18,5,6,1,3,0,0,1.8,3.5,4.5,1.8,3.6,4.6,1.75,3.5,4.5,1.83,3.4,4.2,1.87,3.61,4.6,1.8,3.4,4.33,1.83,3.5,4.33,35,1.89,1.82,3.61,3.46,4.61,4.32,33,2.09,2.01,1.85,1.78,18,-0.5,1.9,1.84,2.05,2,1.85,3.6,4.71
B1,27/01/18,Charleroi,Antwerp,1,1,D,0,1,A,7,7,2,4,17,25,2,3,2,4,0,2,1.95,3.29,4,2,3.3,4,2,3.3,3.6,1.95,3.1,3.9,2.01,3.46,4.1,2,3.2,3.8,1.95,3.3,4.1,34,2.02,1.97,3.55,3.28,4.17,3.85,29,2.38,2.24,1.67,1.61,16,-0.5,2.03,1.97,1.92,1.87,2.09,3.25,4.09
B1,27/01/18,Genk,St Truiden,1,1,D,0,0,D,9,8,4,7,14,17,5,1,1,4,0,0,1.5,4.33,6,1.55,4.2,6,1.5,4,6.1,1.53,3.8,5.8,1.59,4.19,6.18,1.5,4,6,1.53,4.1,6,33,1.6,1.54,4.33,4.01,6.5,5.82,31,1.94,1.85,2.01,1.92,18,-1,2.01,1.94,1.92,1.88,1.67,3.82,5.91
B1,27/01/18,Kortrijk,Eupen,0,0,D,0,0,D,13,5,7,1,20,19,10,4,3,5,0,0,2.04,3.29,3.6,2.15,3.4,3.4,2.2,3.3,3.1,2.1,3.3,3.25,2.11,3.6,3.64,2.1,3.4,3.25,2.1,3.5,3.4,34,2.25,2.1,3.6,3.4,3.64,3.32,32,1.87,1.8,2.03,1.98,17,-0.25,1.87,1.83,2.06,2.01,2.19,3.78,3.23
B1,27/01/18,Waasland-Beveren,Waregem,2,2,D,1,0,H,14,14,7,7,15,16,6,10,3,2,0,0,2.37,3.39,2.87,2.2,3.4,3.3,2.3,3.3,2.9,2.25,3.4,2.87,2.31,3.62,3.13,2.38,3.4,2.75,2.3,3.5,2.9,34,2.48,2.31,3.62,3.39,3.3,2.9,30,1.8,1.72,2.19,2.09,16,-0.25,2.07,2,1.92,1.83,2.33,3.92,2.9
B1,28/01/18,Gent,Club Brugge,2,0,H,0,0,D,10,6,6,2,14,18,9,4,3,2,0,0,2.62,3.39,2.54,2.6,3.3,2.75,2.6,3.2,2.6,2.65,3.1,2.6,2.74,3.36,2.72,2.6,3.2,2.6,2.7,3.3,2.6,34,2.74,2.63,3.39,3.23,2.75,2.62,31,2.14,2.05,1.8,1.74,15,0,2.01,1.93,1.94,1.9,2.86,3.44,2.57
B1,28/01/18,Oostende,Lokeren,2,3,A,1,1,D,16,11,10,6,18,16,5,7,3,1,0,0,1.75,3.75,4.33,1.8,3.75,4.4,1.9,3.45,3.8,1.75,3.6,4.25,1.76,3.81,4.99,1.8,3.6,4,1.75,3.75,4.5,34,1.9,1.77,3.84,3.66,4.99,4.31,31,1.82,1.75,2.12,2.04,16,-0.75,2.02,1.97,1.9,1.87,1.83,3.79,4.54
B1,28/01/18,Standard,Anderlecht,3,3,D,2,3,A,14,8,9,6,17,20,12,0,0,3,0,0,2.39,3.39,2.87,2.5,3.25,2.9,2.4,3.3,2.75,2.55,3,2.7,2.69,3.35,2.78,2.45,3.1,2.88,2.55,3.25,2.8,34,2.69,2.53,3.39,3.19,2.95,2.76,30,2.2,2.1,1.8,1.71,15,0,1.9,1.84,2.08,1.99,2.49,3.4,2.99
B1,02/02/18,Antwerp,Waasland-Beveren,1,2,A,1,1,D,10,11,6,4,19,21,11,2,3,3,0,0,2,3.39,3.75,2,3.5,3.75,2.1,3.3,3.3,2,3.3,3.4,2.06,3.63,3.71,2,3.4,3.5,2,3.5,3.6,37,2.11,2.02,3.63,3.44,3.8,3.56,35,1.96,1.85,2.03,1.94,19,-0.5,2.08,2.01,1.86,1.82,2.01,3.55,3.99
B1,03/02/18,Eupen,Gent,1,1,D,1,0,H,4,19,2,8,15,20,5,12,4,1,1,0,3.6,3.5,2,3.9,3.4,2,3.6,3.3,2,3.7,3.2,2,4,3.56,2,3.5,3.25,2.05,3.8,3.4,2,37,4,3.73,3.56,3.35,2.05,1.98,35,2.1,2.02,1.84,1.76,17,0.5,1.89,1.85,2.03,1.97,3.08,3.27,2.5
B1,03/02/18,Lokeren,Standard,0,3,A,0,1,A,3,15,3,11,18,12,1,7,2,1,1,0,3.79,3.29,2,3.9,3.25,2.05,3.3,3.3,2.1,3.6,3.2,2,4.12,3.32,2.05,3.5,3.25,2.05,3.75,3.3,2.05,37,4.12,3.72,3.4,3.27,2.1,2.01,34,2.16,2.06,1.81,1.74,17,0.5,1.89,1.83,2.05,1.99,4.37,3.71,1.88
B1,03/02/18,Mouscron,Genk,0,1,A,0,0,D,10,10,5,5,19,11,7,2,1,1,0,0,3.79,3.29,2,3.8,3.2,2.1,3.6,3.3,2,3.4,3.25,2.05,3.71,3.46,2.13,3.5,3.4,2,3.6,3.3,2.1,39,3.8,3.52,3.46,3.3,2.16,2.06,36,2.04,1.97,1.9,1.81,17,0.25,2.09,2.04,1.83,1.79,4.25,3.65,1.92
B1,03/02/18,St Truiden,Kortrijk,0,2,A,0,1,A,13,7,5,5,24,20,8,6,2,2,0,0,1.85,3.6,4,1.91,3.5,4.2,1.8,3.5,4.2,1.87,3.4,3.9,1.93,3.69,4.17,1.83,3.5,4,1.85,3.6,4.1,38,1.95,1.87,3.69,3.51,4.2,3.97,36,1.91,1.84,2,1.93,17,-0.5,1.93,1.87,2.02,1.96,1.83,3.8,4.54
B1,04/02/18,Anderlecht,Mechelen,2,2,D,1,2,A,4,9,2,2,12,16,5,5,2,2,0,0,1.39,4.5,7.5,1.4,4.75,7.75,1.4,4.4,7.3,1.4,4.5,7.5,1.39,5.19,8.64,1.4,4.5,7,1.4,4.75,7.5,38,1.44,1.39,5.19,4.63,8.64,7.31,33,1.63,1.59,2.36,2.27,17,-1.25,1.94,1.88,1.99,1.94,1.58,4.04,6.62
B1,04/02/18,Club Brugge,Charleroi,3,3,D,1,2,A,10,8,7,6,17,14,9,3,2,2,0,0,1.44,4.33,7,1.53,4,6.75,1.45,4,7,1.5,4,6,1.53,4.4,6.77,1.44,4.2,6.5,1.5,4.2,6.5,38,1.56,1.5,4.4,4.13,7,6.16,36,1.85,1.76,2.11,2.01,19,-1,1.91,1.85,2.03,1.96,1.47,4.52,7.86
B1,04/02/18,Waregem,Oostende,1,1,D,1,1,D,8,8,4,4,15,17,7,3,6,3,0,0,2.04,3.75,3.25,2.15,3.6,3.3,2.1,3.3,3.3,2.1,3.5,3.1,2.14,3.81,3.33,2.05,3.5,3.25,2.1,3.7,3.2,38,2.21,2.1,3.81,3.54,3.4,3.19,33,1.62,1.58,2.4,2.29,17,-0.25,1.88,1.84,2.04,1.99,1.88,3.89,4.17
B1,09/02/18,Genk,Waregem,3,1,H,1,1,D,10,10,8,6,16,24,2,9,2,4,0,0,1.7,3.75,4.75,1.75,3.7,4.4,1.7,3.7,4.5,1.73,3.6,4.25,1.76,3.98,4.79,1.73,3.75,4.33,1.75,3.8,4.4,40,1.79,1.73,4,3.75,4.79,4.43,35,1.78,1.72,2.18,2.08,19,-0.75,2.04,1.96,1.92,1.87,1.93,3.76,4.07
B1,10/02/18,Gent,St Truiden,3,0,H,1,0,H,8,7,3,4,17,11,2,2,3,3,0,1,1.57,4,5.75,1.6,3.8,5.5,1.55,4,5.5,1.6,3.6,5.5,1.62,3.95,6.24,1.62,3.6,5.5,1.6,3.8,5.75,38,1.72,1.61,4,3.73,6.24,5.46,37,2.06,1.99,1.85,1.79,17,-1,2.16,2.09,1.8,1.74,1.59,4.03,6.51
B1,10/02/18,Kortrijk,Antwerp,4,0,H,2,0,H,11,15,5,3,16,12,6,7,0,2,0,0,2.39,3.25,2.89,2.4,3.3,2.85,2.3,3.2,3,2.45,3.1,2.8,2.54,3.38,2.93,2.45,3.25,2.75,2.45,3.3,2.9,38,2.54,2.42,3.38,3.23,3,2.84,36,2.06,1.98,1.88,1.8,17,-0.25,2.2,2.1,1.8,1.75,2.52,3.42,2.93
B1,10/02/18,Mechelen,Eupen,1,0,H,0,0,D,17,3,9,0,13,14,15,3,1,2,0,0,2.1,3.39,3.39,2.1,3.3,3.4,2,3.3,3.6,2.05,3.25,3.4,2.1,3.53,3.7,2.1,3.3,3.3,2.05,3.4,3.6,39,2.19,2.07,3.53,3.34,3.7,3.45,37,2.03,1.94,1.9,1.83,17,-0.5,2.12,2.05,1.83,1.78,2.04,3.59,3.85
B1,10/02/18,Oostende,Anderlecht,2,0,H,2,0,H,4,9,2,2,22,16,3,9,2,3,0,1,3.25,3.39,2.14,3.3,3.3,2.15,3.3,3.3,2.1,3.1,3.4,2.15,3.28,3.65,2.21,3.1,3.4,2.15,3.13,3.5,2.2,39,3.45,3.18,3.65,3.4,2.23,2.15,35,1.76,1.71,2.17,2.08,18,0.25,2,1.93,1.96,1.89,2.79,3.63,2.52
B1,11/02/18,Charleroi,Lokeren,1,1,D,0,1,A,14,5,8,2,16,16,10,3,0,0,0,0,1.64,3.6,5.5,1.65,3.6,5.5,1.65,3.6,5.1,1.7,3.6,4.75,1.69,3.92,5.46,1.73,3.6,4.5,1.7,3.75,4.8,39,1.74,1.68,3.92,3.68,5.5,4.91,36,1.96,1.88,1.95,1.89,18,-0.75,1.96,1.89,2,1.93,1.75,3.77,5.16
B1,11/02/18,Standard,Mouscron,4,3,H,1,1,D,15,9,7,7,16,20,10,3,3,6,1,1,1.28,5,11,1.33,4.75,9.5,1.4,4.4,7.3,1.33,4.75,9.5,1.35,5.24,9.95,1.3,4.8,9.5,1.3,5,10.5,38,1.4,1.32,5.3,4.89,11,9.3,35,1.78,1.73,2.15,2.07,20,-1.5,2.06,1.99,1.89,1.83,1.42,4.66,8.93
B1,11/02/18,Waasland-Beveren,Club Brugge,1,1,D,0,0,D,7,16,2,11,25,24,4,4,3,3,0,0,4.33,4,1.72,4.75,3.8,1.67,5.1,3.6,1.65,4.33,3.75,1.7,4.65,4.05,1.76,4.2,3.8,1.73,4.5,4,1.7,37,5.1,4.41,4.06,3.85,1.77,1.71,32,1.65,1.6,2.38,2.27,18,0.75,1.96,1.9,1.98,1.92,4.45,4.05,1.79
B1,16/02/18,St Truiden,Anderlecht,1,0,H,1,0,H,8,4,5,1,25,27,5,7,3,4,0,0,3.1,3.39,2.25,3.25,3.4,2.25,3.1,3.3,2.2,3,3.3,2.2,3.18,3.52,2.32,3.2,3.3,2.15,3,3.4,2.3,37,3.25,3.06,3.52,3.35,2.34,2.26,35,1.91,1.81,2.07,1.98,16,0.25,1.9,1.84,2.05,1.97,3.07,3.36,2.46
B1,17/02/18,Antwerp,Oostende,0,0,D,0,0,D,11,7,4,2,23,14,9,3,2,1,0,0,2.14,3.39,3.29,2.15,3.5,3.3,2.2,3.3,3.1,2.2,3.25,3.1,2.22,3.51,3.4,2.2,3.3,3.1,2.2,3.4,3.2,38,2.29,2.19,3.51,3.34,3.4,3.17,35,1.95,1.86,1.99,1.91,17,-0.25,1.98,1.91,1.97,1.91,1.97,3.64,4.06
B1,17/02/18,Club Brugge,Genk,2,2,D,1,1,D,12,9,7,4,16,16,7,3,1,3,0,0,1.6,3.79,5.5,1.62,4.1,5.25,1.65,3.8,4.8,1.61,3.8,5,1.63,4.13,5.78,1.62,3.8,5,1.65,4,5,39,1.68,1.62,4.13,3.89,5.78,5.02,34,1.74,1.69,2.26,2.12,17,-1,2.2,2.09,1.83,1.74,1.57,4.41,6.03
B1,17/02/18,Lokeren,Kortrijk,0,1,A,0,0,D,9,13,3,9,11,10,8,5,3,0,0,0,2.5,3.25,2.79,2.55,3.25,2.85,2.3,3.3,2.9,2.37,3.25,2.75,2.56,3.48,2.84,2.38,3.4,2.75,2.4,3.4,2.88,39,2.58,2.44,3.49,3.3,2.9,2.78,36,1.88,1.8,2.05,1.97,16,0,1.83,1.77,2.13,2.07,2.46,3.47,2.98
B1,17/02/18,Waregem,Eupen,3,2,H,2,2,D,13,14,8,4,14,17,7,4,3,1,0,0,1.57,4,6,1.6,4,5.75,1.7,3.6,4.7,1.57,4,5,1.61,4.27,5.76,1.65,3.8,4.75,1.57,4.2,5.4,39,1.7,1.59,4.36,4.02,6,5.14,34,1.6,1.57,2.43,2.33,20,-1,2.06,1.98,1.9,1.83,1.64,4.46,5.1
B1,18/02/18,Charleroi,Standard,1,1,D,0,0,D,6,4,2,1,18,28,4,2,5,4,0,1,2.6,3.29,2.62,2.7,3.25,2.7,2.6,3.2,2.6,2.7,3.1,2.55,2.8,3.35,2.67,2.62,3.2,2.6,2.7,3.3,2.6,37,2.8,2.67,3.4,3.23,2.7,2.59,34,2.14,2.04,1.83,1.75,16,0,2.01,1.94,1.95,1.88,3.09,3.38,2.43
B1,18/02/18,Gent,Mechelen,2,2,D,0,2,A,10,7,6,2,20,17,8,1,2,3,0,0,1.55,4,5.75,1.6,4,5.75,1.6,3.9,5,1.57,3.7,5.8,1.57,4.05,6.74,1.62,3.6,5.5,1.55,4,6,38,1.62,1.56,4.07,3.85,6.74,5.79,36,2.02,1.94,1.92,1.83,20,-1,2.08,1.99,1.89,1.82,1.68,3.75,6.01
B1,18/02/18,Mouscron,Waasland-Beveren,2,2,D,1,1,D,12,11,7,7,21,11,2,1,5,1,0,0,2.5,3.29,2.75,2.55,3.25,2.85,2.5,3.3,2.65,2.5,3.3,2.6,2.65,3.42,2.78,2.5,3.4,2.6,2.55,3.5,2.63,37,2.65,2.54,3.5,3.31,2.85,2.66,34,1.83,1.76,2.11,2.01,16,0,1.92,1.86,2.01,1.95,3.05,3.54,2.38
B1,23/02/18,Genk,Antwerp,4,0,H,1,0,H,12,6,6,2,10,16,8,7,1,4,0,1,1.75,3.5,4.75,1.75,3.7,4.75,1.75,3.5,4.5,1.75,3.4,4.4,1.81,3.69,4.88,1.75,3.6,4.33,1.75,3.7,4.5,38,1.83,1.76,3.71,3.59,4.88,4.53,34,2.01,1.92,1.93,1.86,18,-0.75,2.07,2.01,1.87,1.82,1.98,3.29,4.24
B1,24/02/18,Eupen,Lokeren,3,2,H,2,1,H,9,5,7,4,16,17,9,5,3,2,1,0,2.1,3.29,3.5,2.1,3.4,3.6,2.1,3.4,3.2,2.05,3.25,3.4,2.11,3.57,3.62,2.1,3.25,3.4,2.05,3.5,3.5,39,2.16,2.08,3.57,3.34,3.65,3.45,36,2,1.91,1.96,1.86,18,-0.25,1.83,1.79,2.11,2.04,2.2,3.53,3.43
B1,24/02/18,Mechelen,Charleroi,1,1,D,1,1,D,11,3,7,2,11,27,2,3,3,3,0,0,2.2,3.25,3.25,2.3,3.3,3.2,2.4,3.3,2.75,2.25,3.1,3.1,2.33,3.4,3.25,2.3,3.2,3,2.3,3.25,3.13,39,2.4,2.29,3.4,3.22,3.25,3.09,35,2.25,2.09,1.77,1.71,18,-0.25,2.02,1.96,1.91,1.86,2.07,3.38,4
B1,24/02/18,Oostende,St Truiden,2,0,H,2,0,H,6,12,4,4,24,19,1,4,3,2,1,0,1.95,3.5,3.79,2,3.5,3.75,2.1,3.3,3.3,1.95,3.4,3.6,1.99,3.65,3.94,2,3.4,3.5,1.95,3.5,3.8,38,2.1,1.96,3.65,3.46,3.94,3.66,36,1.9,1.83,2.04,1.95,17,-0.5,1.99,1.94,1.93,1.88,2.15,3.51,3.5
B1,24/02/18,Waasland-Beveren,Gent,1,2,A,1,0,H,10,14,3,7,14,22,2,8,1,3,0,0,3.29,3.29,2.2,3.3,3.3,2.25,2.9,3.3,2.3,3,3.25,2.25,3.2,3.53,2.31,3,3.3,2.25,3.1,3.4,2.25,38,3.3,3.07,3.53,3.31,2.35,2.25,35,1.98,1.88,1.97,1.89,18,0.25,1.92,1.87,2.02,1.96,4.08,3.79,1.93
B1,25/02/18,Anderlecht,Mouscron,5,3,H,2,0,H,11,7,7,4,13,23,5,2,0,3,0,0,1.33,5,8.5,1.36,5,8.5,1.35,4.8,7.6,1.36,4.6,8,1.37,5.25,9.11,1.36,4.75,7.5,1.36,5,8,39,1.38,1.34,5.25,4.85,9.11,8.16,34,1.68,1.62,2.32,2.23,20,-1.5,2.12,2.04,1.85,1.79,1.38,5.4,8.2
B1,25/02/18,Kortrijk,Waregem,0,1,A,0,0,D,11,10,5,5,16,20,7,4,1,2,0,0,2.29,3.29,3.1,2.25,3.4,3.25,2.2,3.3,3.1,2.15,3.4,3,2.21,3.71,3.24,2.25,3.6,2.8,2.2,3.6,3.1,38,2.3,2.19,3.71,3.47,3.25,3.07,33,1.7,1.63,2.28,2.21,18,-0.25,1.99,1.91,1.96,1.91,2.22,3.8,3.15
B1,25/02/18,Standard,Club Brugge,1,1,D,1,0,H,12,12,6,8,11,14,6,8,1,1,0,0,2.37,3.29,3,2.45,3.3,2.95,2.6,3.2,2.6,2.3,3.3,2.87,2.44,3.34,3.11,2.45,3.3,2.7,2.38,3.5,2.8,38,2.6,2.36,3.5,3.3,3.11,2.9,35,1.84,1.79,2.07,1.99,18,-0.25,2.13,2.04,1.84,1.79,2.43,3.52,2.99
B1,03/03/18,Antwerp,Eupen,2,0,H,2,0,H,11,6,8,1,20,16,5,3,2,3,0,0,1.9,3.5,4,1.87,3.7,4.1,1.9,3.6,3.6,1.91,3.4,3.7,1.96,3.67,4.05,1.95,3.5,3.6,1.91,3.6,3.9,36,1.99,1.91,3.74,3.53,4.1,3.8,33,1.93,1.86,1.98,1.92,16,-0.5,1.97,1.92,1.95,1.91,2.24,3.55,3.31
B1,03/03/18,Charleroi,St Truiden,0,0,D,0,0,D,5,5,3,2,17,26,4,4,2,2,0,0,2,3.39,3.75,2.05,3.4,3.8,1.9,3.45,3.8,2,3.2,3.7,2.03,3.42,4.1,2,3.3,3.6,2,3.4,3.8,35,2.06,1.99,3.45,3.3,4.1,3.73,31,2.25,2.12,1.75,1.69,16,-0.5,2.06,1.99,1.89,1.84,2.1,3.39,3.87
B1,03/03/18,Club Brugge,Kortrijk,2,1,H,0,0,D,23,6,11,3,17,13,11,3,0,0,0,0,1.33,5.5,7.5,1.34,5.5,8.25,1.35,4.8,7.6,1.33,5,8.5,1.32,5.67,10.5,1.35,4.8,7.5,1.33,5.4,8.5,37,1.36,1.32,5.67,5.17,10.5,8.25,32,1.52,1.47,2.65,2.58,19,-1.5,1.99,1.92,2,1.9,1.27,6.6,11
B1,03/03/18,Gent,Oostende,2,3,A,0,1,A,15,6,7,3,12,19,5,2,2,6,0,0,1.6,3.79,5.75,1.6,3.9,6,1.6,3.9,5,1.57,3.75,5.5,1.59,4.1,6.31,1.62,3.8,5,1.57,4,5.75,38,1.64,1.58,4.1,3.88,6.31,5.6,35,1.96,1.87,1.98,1.9,20,-1,2.08,2.02,1.86,1.8,1.56,4.4,6.1
B1,03/03/18,Mouscron,Lokeren,1,2,A,0,1,A,5,8,1,6,19,19,2,4,3,3,1,0,2.29,3.25,3.1,2.35,3.4,3,2.3,3.3,2.9,2.3,3.3,2.87,2.44,3.49,3.01,2.3,3.3,2.9,2.38,3.5,2.88,38,2.47,2.34,3.6,3.34,3.1,2.9,35,1.88,1.8,2.09,1.98,18,-0.25,2.12,2.06,1.83,1.79,2.4,3.56,3.06
B1,03/03/18,Standard,Mechelen,3,2,H,2,2,D,8,8,6,3,13,16,6,3,2,1,0,0,1.57,4,5.5,1.62,4.1,5.25,1.55,4,5.5,1.6,3.75,5,1.62,4.21,5.71,1.62,3.8,5,1.62,4,5.25,38,1.67,1.61,4.21,3.92,5.71,5.12,34,1.81,1.75,2.11,2.04,18,-1,2.19,2.1,1.79,1.75,1.67,3.63,5.84
B1,03/03/18,Waasland-Beveren,Genk,0,1,A,0,0,D,9,14,3,7,19,11,2,7,1,3,0,1,3.25,3.29,2.2,3.1,3.3,2.35,3.1,3.3,2.2,2.9,3.4,2.2,3.12,3.58,2.32,2.88,3.5,2.25,3,3.5,2.25,37,3.25,3.01,3.6,3.39,2.35,2.25,33,1.77,1.72,2.15,2.08,18,0.25,1.92,1.88,2.01,1.96,3.48,3.67,2.06
B1,03/03/18,Waregem,Anderlecht,2,3,A,1,3,A,12,5,6,5,15,24,8,3,1,2,0,0,3.25,3.29,2.2,3.1,3.5,2.25,3.1,3.3,2.2,3,3.4,2.15,3.17,3.71,2.27,3,3.4,2.2,3.1,3.6,2.2,38,3.25,3.06,3.71,3.46,2.29,2.2,32,1.72,1.68,2.21,2.13,18,0.25,1.96,1.9,2,1.93,3.64,3.88,2.01
B1,11/03/18,Anderlecht,Antwerp,2,1,H,1,1,D,2,12,2,8,14,26,0,9,0,3,2,0,1.55,4,5.75,1.57,4.2,5.75,1.55,4,5.5,1.57,4,5.2,1.6,4.28,5.79,1.53,4,5.5,1.57,4.2,5.4,37,1.63,1.56,4.28,4.03,5.85,5.46,30,1.7,1.62,2.4,2.23,19,-1,2.04,1.98,1.88,1.84,1.74,3.84,5.2
B1,11/03/18,Eupen,Mouscron,4,0,H,0,0,D,15,8,10,2,16,13,16,2,2,4,0,0,1.61,3.79,5.5,1.55,4.33,5.75,1.55,4.2,5,1.6,4,4.8,1.54,4.53,6.28,1.6,4,4.8,1.57,4.2,5.4,38,1.65,1.57,4.53,4.12,6.28,5.18,32,1.56,1.52,2.6,2.41,19,-1,2.1,1.96,2.03,1.85,1.53,4.57,6.31
B1,11/03/18,Genk,Gent,1,2,A,0,1,A,10,8,4,5,13,19,7,3,3,1,0,0,2.1,3.5,3.25,2.2,3.5,3.25,2.1,3.3,3.3,2.15,3.3,3.1,2.22,3.54,3.37,2.1,3.5,3.1,2.2,3.5,3.13,38,2.28,2.17,3.54,3.4,3.4,3.17,33,1.95,1.83,2.02,1.94,17,-0.25,1.97,1.9,1.98,1.92,2.31,3.48,3.21
B1,11/03/18,Kortrijk,Charleroi,2,0,H,2,0,H,7,13,5,9,19,13,5,5,3,2,0,0,2.39,3.39,2.79,2.35,3.4,3,2.3,3.3,2.9,2.45,3.2,2.75,2.53,3.49,2.87,2.3,3.4,2.88,2.45,3.4,2.8,38,2.55,2.42,3.49,3.32,3,2.8,35,1.95,1.88,1.97,1.89,14,-0.25,2.19,2.12,1.75,1.72,2.33,3.5,3.18
B1,11/03/18,Lokeren,Waregem,0,2,A,0,1,A,5,17,2,8,14,26,2,4,0,3,0,0,2.54,3.29,2.7,2.6,3.5,2.6,2.5,3.3,2.65,2.5,3.3,2.6,2.62,3.52,2.74,2.6,3.25,2.6,2.55,3.5,2.63,38,2.65,2.55,3.52,3.35,2.74,2.63,32,1.8,1.72,2.2,2.06,14,0,1.94,1.89,1.99,1.95,3.25,3.82,2.17
B1,11/03/18,Mechelen,Waasland-Beveren,2,0,H,0,0,D,15,3,8,0,22,19,12,1,3,3,0,0,1.5,4.33,6,1.6,4.2,5.25,1.55,4.2,5,1.6,4,4.8,1.53,4.57,6.26,1.62,3.75,5,1.53,4.3,5.75,37,1.64,1.55,4.57,4.21,6.26,5.37,31,1.6,1.53,2.63,2.4,17,-1,2.1,1.9,2.02,1.92,1.5,4.72,6.59
B1,11/03/18,Oostende,Standard,2,3,A,2,0,H,9,23,2,12,32,16,2,4,4,1,0,0,3.29,3.6,2.1,3.3,3.6,2.15,3.1,3.3,2.2,3.1,3.4,2.15,3.34,3.61,2.2,2.8,3.4,2.25,3.2,3.5,2.15,38,3.36,3.14,3.61,3.44,2.43,2.17,32,1.79,1.74,2.1,2.03,16,0.25,2,1.96,1.92,1.88,4.08,4.32,1.79
B1,11/03/18,St Truiden,Club Brugge,0,1,A,0,0,D,10,10,6,5,20,23,6,8,3,3,0,0,4.75,3.79,1.7,4.75,3.7,1.75,4.5,3.5,1.75,4.2,3.6,1.75,4.73,3.92,1.77,4.2,3.5,1.8,4.4,3.8,1.75,37,4.75,4.4,3.92,3.69,1.82,1.75,31,1.74,1.69,2.3,2.11,16,0.75,1.89,1.85,2.04,1.98,3.93,3.65,2.02
