Div,Date,HomeTeam,AwayTeam,FTHG,FTAG,FTR,HTHG,HTAG,HTR,Referee,HS,AS,HST,AST,HF,AF,HC,AC,HY,AY,HR,AR,B365H,B365D,B365A,BWH,BWD,BWA,IWH,IWD,IWA,LBH,LBD,LBA,PSH,PSD,PSA,WHH,WHD,WHA,VCH,VCD,VCA,Bb1X2,BbMxH,BbAvH,BbMxD,BbAvD,BbMxA,BbAvA,BbOU,BbMx>2.5,BbAv>2.5,BbMx<2.5,BbAv<2.5,BbAH,BbAHh,BbMxAHH,BbAvAHH,BbMxAHA,BbAvAHA,PSCH,PSCD,PSCA
SC0,05/08/17,Celtic,Hearts,4,1,H,1,0,H,K Clancy,17,4,7,3,9,21,9,5,1,3,0,0,1.2,7,11,1.2,6.5,12.5,1.2,5.8,13,1.2,6,15,1.22,7.2,14.7,1.2,6,15,1.18,6.5,13,39,1.25,1.2,7.65,6.32,15.72,13.28,30,1.5,1.47,2.85,2.52,16,-2,2.11,2.04,1.88,1.81,1.2,7.74,15.78
SC0,05/08/17,Dundee,Ross County,1,2,A,0,1,A,W Collum,13,14,6,5,14,8,15,5,1,2,0,0,2.5,3.4,2.7,2.45,3.25,2.8,2.4,3.3,2.75,2.5,3.1,2.75,2.52,3.39,3,2.5,3.2,2.9,2.45,3.3,2.75,40,2.68,2.49,3.4,3.23,3,2.8,38,2.11,2.02,1.83,1.75,17,0,1.86,1.81,2.12,2.03,2.62,3.45,2.83
SC0,05/08/17,Hibernian,Partick,3,1,H,2,1,H,N Walsh,12,6,6,3,13,19,3,4,2,3,0,0,1.8,3.6,4.33,1.78,3.5,4.5,1.85,3.45,4,1.83,3.25,4.25,1.84,3.58,4.94,1.83,3.4,4.5,1.8,3.5,4.3,39,1.95,1.84,3.6,3.42,4.94,4.35,37,2.2,2.11,1.75,1.69,16,-0.5,1.88,1.84,2.07,2.01,1.79,3.74,5.03
SC0,05/08/17,Kilmarnock,St Johnstone,1,2,A,0,1,A,S McLean,12,8,4,2,12,16,1,10,1,4,0,0,2.6,3.3,2.63,2.6,3.2,2.65,2.5,3.3,2.65,2.65,3,2.6,2.83,3.28,2.72,2.7,3.1,2.7,2.7,3.2,2.55,40,2.85,2.67,3.3,3.14,2.85,2.65,36,2.25,2.18,1.71,1.64,17,0,2,1.93,1.95,1.9,2.86,3.37,2.64
SC0,06/08/17,Aberdeen,Hamilton,2,0,H,1,0,H,E Anderson,17,5,7,3,10,17,3,2,1,3,0,1,1.3,5,10,1.28,5.5,9.75,1.3,5,9,1.33,4.75,9.5,1.36,5.3,9.91,1.33,4.8,10,1.3,5,9.5,40,1.36,1.32,5.5,4.92,10.5,9.46,38,1.8,1.74,2.12,2.03,17,-1.5,2.08,2,1.88,1.84,1.37,5.2,9.7
SC0,06/08/17,Motherwell,Rangers,1,2,A,1,1,D,B Madden,10,15,2,3,17,17,7,5,4,2,0,0,5.25,4,1.6,5.25,3.7,1.65,5.4,3.7,1.6,5.2,3.8,1.61,5.77,4.15,1.64,5,3.8,1.67,5,3.9,1.62,40,5.77,5.15,4.15,3.83,1.7,1.63,38,1.9,1.8,2.09,1.96,16,0.75,2.11,2.03,1.86,1.82,6.91,4.35,1.54
SC0,11/08/17,Partick,Celtic,0,1,A,0,1,A,A Dallas,3,17,1,6,9,6,3,11,1,1,0,0,11,6.25,1.22,13,6.5,1.22,10.5,6,1.22,13,6,1.22,14.45,6.49,1.25,12,6,1.22,13,6.5,1.22,41,15.72,12.08,6.89,6.12,1.25,1.23,35,1.63,1.55,2.5,2.38,18,1.75,2.05,1.96,1.95,1.88,13.66,6.35,1.26
SC0,12/08/17,Hamilton,Dundee,3,0,H,2,0,H,B Madden,13,11,7,4,13,19,5,7,1,3,0,0,2.38,3.25,3,2.35,3.3,2.95,2.3,3.3,2.9,2.3,3.2,3.1,2.43,3.29,3.23,2.4,3.1,3.1,2.25,3.3,3.1,41,2.47,2.34,3.31,3.22,3.23,3.06,39,2.13,2.06,1.81,1.73,18,-0.25,2.06,2,1.9,1.85,2.48,3.42,3.05
SC0,12/08/17,Kilmarnock,Hearts,0,1,A,0,1,A,S Finnie,8,9,3,4,23,17,4,5,3,2,1,1,3.1,3.4,2.25,3,3.4,2.25,3,3.3,2.25,3.1,3.3,2.25,3.33,3.49,2.28,3.2,3.2,2.3,3.13,3.4,2.15,41,3.35,3.15,3.49,3.33,2.3,2.24,40,1.95,1.85,2,1.92,17,0.25,1.95,1.9,2,1.95,4.13,3.63,1.97
SC0,12/08/17,Rangers,Hibernian,2,3,A,1,2,A,J Beaton,12,13,2,4,15,14,6,5,6,3,1,0,1.73,3.75,4.5,1.72,3.6,4.75,1.65,3.6,5.1,1.75,3.6,4.5,1.81,3.85,4.68,1.75,3.5,5,1.73,3.75,4.3,41,1.81,1.74,3.9,3.66,5.15,4.57,40,1.9,1.83,2.02,1.94,17,-0.75,2.06,1.99,1.91,1.86,1.79,3.93,4.7
SC0,12/08/17,Ross County,Aberdeen,1,2,A,1,1,D,D Beaton,5,13,3,7,21,14,2,6,3,1,0,0,4.75,3.6,1.73,4.75,3.6,1.72,4.7,3.6,1.7,4.5,3.7,1.75,4.79,3.97,1.77,5,3.5,1.75,4.3,3.8,1.73,41,5,4.56,3.97,3.68,1.8,1.75,39,1.88,1.77,2.09,2,18,0.75,1.91,1.86,2.04,1.99,4.95,3.99,1.75
SC0,12/08/17,St Johnstone,Motherwell,4,1,H,2,1,H,C Thomson,9,11,7,3,9,13,7,6,1,0,0,3,1.75,3.5,4.75,1.8,3.4,4.5,1.75,3.5,4.5,1.8,3.6,4.4,1.8,3.82,4.81,1.83,3.4,4.5,1.75,3.6,4.3,41,1.85,1.79,3.82,3.54,4.9,4.45,40,1.95,1.87,1.99,1.9,17,-0.5,1.83,1.79,2.15,2.07,1.84,3.83,4.55
SC0,19/08/17,Aberdeen,Dundee,2,1,H,1,0,H,K Clancy,10,9,6,1,11,15,4,6,3,1,0,0,1.3,5.25,9.5,1.3,5.25,9.25,1.35,4.8,7.6,1.33,5,9.5,1.37,5.33,9.15,1.33,4.5,11,1.3,5,9,33,1.37,1.31,5.5,5,12,9.43,29,1.66,1.62,2.31,2.21,14,-1.5,2.08,1.97,1.95,1.87,1.38,5.37,8.65
SC0,19/08/17,Hibernian,Hamilton,1,3,A,0,0,D,S McLean,15,18,9,8,11,12,9,7,0,2,0,0,1.44,4.2,7.5,1.45,4.2,7,1.55,4,5.5,1.53,4,6.5,1.53,4.32,7.09,1.53,4,6.5,1.5,4.1,6,34,1.55,1.5,4.4,4.07,7.5,6.38,33,1.92,1.82,2.05,1.94,14,-1,1.93,1.88,2,1.95,1.52,4.4,7.15
SC0,19/08/17,Kilmarnock,Celtic,0,2,A,0,1,A,N Walsh,3,15,0,6,15,6,5,5,2,0,0,0,15,7,1.17,14,6.75,1.18,10.3,5.5,1.25,19,7,1.18,18.27,7.64,1.19,15,7.5,1.17,15,7,1.15,35,20,15.22,7.84,6.92,1.25,1.17,30,1.5,1.47,2.7,2.57,15,2,2.01,1.95,1.96,1.89,14.5,6.17,1.26
SC0,19/08/17,Motherwell,Ross County,2,0,H,0,0,D,A Muir,7,11,3,3,14,10,1,3,2,2,0,1,2.88,3.4,2.38,2.65,3.4,2.5,2.75,3.3,2.4,2.65,3.4,2.5,2.67,3.68,2.64,2.7,3.3,2.6,2.7,3.5,2.4,34,2.88,2.68,3.68,3.41,2.64,2.48,32,1.75,1.7,2.21,2.1,14,0,2.08,1.98,1.92,1.85,2.46,3.66,2.89
SC0,19/08/17,Rangers,Hearts,0,0,D,0,0,D,W Collum,10,7,2,0,11,7,13,2,2,1,0,0,1.62,3.75,5.5,1.62,3.9,5,1.65,3.6,5.1,1.67,3.9,5,1.66,4.13,5.54,1.67,3.8,5,1.62,4,4.75,35,1.68,1.64,4.13,3.84,5.54,5.02,33,1.76,1.71,2.2,2.08,14,-0.75,1.88,1.83,2.08,2.02,1.52,4.63,6.54
SC0,19/08/17,St Johnstone,Partick,1,0,H,1,0,H,B Cook,7,6,3,3,3,15,3,2,0,2,0,0,2.05,3.4,3.5,1.95,3.4,3.8,2.1,3.3,3.3,2.05,3.2,3.7,2.13,3.37,3.87,2.05,3.3,3.75,2.05,3.3,3.5,35,2.13,2.06,3.4,3.27,3.87,3.58,33,2.25,2.1,1.77,1.7,13,-0.5,2.13,2.08,1.81,1.78,2.17,3.48,3.62
SC0,26/08/17,Celtic,St Johnstone,1,1,D,0,1,A,W Collum,31,7,11,3,7,8,12,1,2,3,0,0,1.17,7.5,13,1.18,6.75,14,1.2,6,12,1.17,6.5,19,1.19,7.53,18.76,1.17,7,17,1.15,7,15,34,1.2,1.16,7.84,6.85,19.05,15.82,30,1.6,1.56,2.43,2.34,13,-2,1.98,1.94,1.98,1.91,1.17,8.3,21.39
SC0,26/08/17,Kilmarnock,Hamilton,2,2,D,1,0,H,A Dallas,6,14,2,6,9,11,1,4,3,1,0,0,2.4,3.4,2.8,2.45,3.4,2.7,2.4,3.3,2.75,2.37,3.1,2.87,2.5,3.36,3.05,2.5,3.2,2.9,2.38,3.3,2.88,34,2.55,2.41,3.5,3.27,3.05,2.84,33,2.14,2.03,1.83,1.75,11,0,1.8,1.76,2.17,2.12,2.51,3.24,3.15
SC0,26/08/17,Motherwell,Hearts,2,1,H,2,1,H,J Beaton,8,11,3,5,14,20,5,3,2,3,0,0,3.3,3.5,2.1,3.4,3.5,2.05,3.3,3.3,2.1,3.1,3.4,2.15,3.37,3.67,2.19,3.3,3.5,2.1,3.2,3.5,2.1,30,3.6,3.23,3.7,3.47,2.2,2.11,29,1.79,1.73,2.18,2.06,12,0.25,2.02,1.97,1.94,1.89,3.44,3.56,2.21
SC0,26/08/17,Partick,Aberdeen,3,4,A,2,2,D,B Madden,5,16,3,8,12,9,5,9,1,0,1,0,4.75,4,1.67,4.33,4,1.7,4.7,3.6,1.7,4.6,3.6,1.7,4.98,3.97,1.75,4.5,3.8,1.73,4.5,3.75,1.7,34,5.1,4.63,4,3.77,1.75,1.7,33,1.95,1.87,1.98,1.9,12,0.75,1.96,1.91,2,1.95,4.86,3.66,1.83
SC0,27/08/17,Dundee,Hibernian,1,1,D,1,1,D,D Robertson,5,16,3,9,13,11,1,15,2,2,0,0,3.6,3.5,2,3.7,3.3,2,3.6,3.3,2,3.6,3.25,2,3.83,3.59,2.06,3.8,3.3,2,3.6,3.4,2,33,4,3.64,3.59,3.37,2.12,2,33,2.1,2,1.87,1.78,12,0.5,1.88,1.84,2.06,2.02,3.88,3.67,2.02
SC0,27/08/17,Ross County,Rangers,1,3,A,0,2,A,C Thomson,8,14,2,3,17,17,5,6,2,0,0,0,5,4,1.62,5,3.75,1.65,4.7,3.6,1.7,4.8,3.8,1.61,5.17,4.34,1.66,4.8,4,1.67,4.8,4,1.62,33,5.45,4.88,4.34,3.95,1.7,1.63,27,1.73,1.66,2.27,2.15,12,0.75,2.09,2.05,1.85,1.82,6.56,4.55,1.53
SC0,08/09/17,Hamilton,Celtic,1,4,A,0,3,A,D Robertson,5,15,4,6,10,4,3,15,1,0,0,0,12,6,1.22,12,6,1.22,10.3,5.5,1.25,13,5.75,1.25,13.66,6.48,1.25,13,6,1.22,11.5,6,1.22,34,14.3,11.84,6.55,5.9,1.28,1.23,28,1.62,1.55,2.48,2.37,13,1.75,1.99,1.94,1.97,1.93,15,6.95,1.23
SC0,09/09/17,Hearts,Aberdeen,0,0,D,0,0,D,C Thomson,18,11,9,4,20,11,10,2,3,1,0,0,3.6,3.6,1.95,3.5,3.5,2,3.6,3.3,2,3.6,3.5,2,3.72,3.79,2.03,3.5,3.5,2.05,3.5,3.6,1.95,34,3.72,3.53,3.79,3.53,2.08,1.99,32,1.83,1.77,2.11,2.01,12,0.5,1.89,1.86,2.04,2,3.77,3.59,2.08
SC0,09/09/17,Motherwell,Kilmarnock,2,0,H,0,0,D,B Madden,15,5,8,2,11,9,6,5,3,1,0,0,2.05,3.4,3.6,2.1,3.3,3.4,2.1,3.3,3.3,2.1,3.3,3.4,2.13,3.59,3.62,2.1,3.4,3.4,2.05,3.5,3.3,34,2.23,2.09,3.6,3.4,3.62,3.36,32,1.99,1.91,1.94,1.86,12,-0.25,1.87,1.84,2.08,2.02,2.04,3.62,3.85
SC0,09/09/17,Rangers,Dundee,4,1,H,1,0,H,A Dallas,19,7,10,1,6,9,10,2,1,2,0,0,1.3,5,10,1.33,5,8.5,1.35,4.8,7.6,1.33,5,9.5,1.34,5.69,9.79,1.33,5,9,1.3,5.25,8.5,34,1.35,1.32,5.69,5.13,10,8.72,26,1.56,1.53,2.6,2.39,12,-1.5,1.99,1.93,1.99,1.93,1.25,6.72,13
SC0,09/09/17,Ross County,Partick,1,1,D,0,1,A,J Beaton,16,9,6,5,14,13,4,3,3,1,0,0,2.5,3.4,2.7,2.45,3.3,2.75,2.5,3.3,2.65,2.6,3.25,2.65,2.58,3.54,2.82,2.6,3.25,2.75,2.5,3.4,2.63,34,2.61,2.52,3.54,3.32,2.82,2.69,32,2.02,1.92,1.92,1.84,13,0,1.96,1.86,2.04,1.98,2.28,3.65,3.21
SC0,09/09/17,St Johnstone,Hibernian,1,1,D,0,0,D,N Walsh,5,15,1,2,14,9,2,13,3,1,0,0,3.1,3.4,2.25,2.9,3.4,2.3,2.75,3.3,2.4,2.87,3.25,2.45,3.11,3.59,2.35,2.88,3.4,2.38,2.88,3.4,2.3,34,3.11,2.93,3.59,3.36,2.45,2.31,32,1.99,1.9,1.96,1.87,12,0,2.26,2.17,1.75,1.71,3.4,3.31,2.33
SC0,15/09/17,Partick,Rangers,2,2,D,0,1,A,W Collum,5,17,2,4,10,6,3,4,5,0,1,0,7.5,4.2,1.44,7.5,4.5,1.44,5.5,4,1.55,5.8,4,1.5,7.73,4.42,1.5,7,4.33,1.44,6.5,4.4,1.44,37,7.84,6.97,4.6,4.34,1.55,1.44,35,1.77,1.7,2.21,2.1,14,1.25,1.9,1.84,2.1,2.01,8.86,5.14,1.39
SC0,16/09/17,Aberdeen,Kilmarnock,1,1,D,1,0,H,S Finnie,15,10,5,5,10,13,5,4,2,3,0,0,1.33,5,9,1.3,5,9.5,1.33,4.8,8.3,1.33,4.8,10,1.35,5.18,10.77,1.33,5,9,1.33,5,8.5,36,1.35,1.32,5.5,4.98,10.77,9.04,34,1.83,1.72,2.19,2.08,13,-1.5,2.06,2.01,1.89,1.84,1.35,5.43,9.93
SC0,16/09/17,Celtic,Ross County,4,0,H,2,0,H,S McLean,30,7,9,5,10,9,7,3,0,1,0,0,1.13,8.5,17,1.14,7.25,17.5,1.15,7,15,1.14,8,23,1.15,9.24,20.2,1.12,8,21,1.12,8,17,36,1.15,1.13,9.55,8.02,24.75,17.87,28,1.37,1.34,3.4,3.1,13,-2.25,1.94,1.88,2.01,1.96,1.14,10.12,22.03
SC0,16/09/17,Dundee,St Johnstone,3,2,H,1,0,H,A Muir,15,10,7,6,20,18,1,6,0,2,1,0,2.75,3.3,2.5,2.8,3.4,2.4,2.75,3.3,2.4,3,3.3,2.35,3,3.5,2.46,3,3.2,2.4,2.75,3.4,2.38,36,3,2.86,3.65,3.34,2.5,2.38,35,1.97,1.88,1.97,1.89,13,0.25,1.82,1.78,2.13,2.07,3.04,3.23,2.58
SC0,16/09/17,Hamilton,Hearts,1,2,A,1,2,A,B Madden,7,9,2,6,11,11,7,2,2,1,0,0,3.5,3.4,2.05,3.6,3.4,2,3.3,3.3,2.1,3.4,3.4,2.1,3.55,3.52,2.17,3.3,3.3,2.2,3.2,3.5,2.1,36,3.6,3.36,3.52,3.38,2.2,2.11,35,1.94,1.87,1.97,1.9,13,0.25,2.04,1.98,1.92,1.86,3.94,3.65,2.01
SC0,16/09/17,Hibernian,Motherwell,2,2,D,1,0,H,B Cook,10,8,5,4,6,15,2,5,1,4,0,0,1.62,3.75,5.5,1.65,3.8,5,1.6,3.7,5.4,1.67,3.8,5.2,1.68,4.12,5.32,1.67,3.8,5,1.62,4,4.8,36,1.68,1.64,4.12,3.89,5.5,5.01,34,1.8,1.73,2.14,2.06,13,-0.75,1.89,1.83,2.08,2.02,1.47,4.73,7.54
SC0,23/09/17,Kilmarnock,Dundee,1,1,D,0,1,A,B Madden,11,7,7,3,14,23,6,9,2,2,0,0,2.4,3.3,2.88,2.35,3.4,2.85,2.4,3.3,2.75,2.5,3.2,2.87,2.57,3.28,3.01,2.5,3.2,2.9,2.45,3.3,3,37,2.57,2.43,3.4,3.23,3.01,2.88,36,2.16,2.04,1.83,1.74,14,-0.25,2.15,2.09,1.81,1.77,2.67,3.35,2.84
SC0,23/09/17,Partick,Hearts,1,1,D,1,0,H,D Robertson,15,13,9,4,12,12,3,6,1,2,0,0,3.4,3.3,2.15,3.4,3.25,2.15,3.1,3.3,2.2,3.4,3.25,2.15,3.46,3.58,2.19,3.2,3.3,2.25,3.4,3.4,2.15,38,3.5,3.31,3.58,3.3,2.25,2.15,37,2.11,2.02,1.83,1.75,15,0.25,2.04,1.99,1.9,1.85,3.95,3.4,2.09
SC0,23/09/17,Rangers,Celtic,0,2,A,0,0,D,C Thomson,6,18,1,7,12,11,2,11,2,1,0,0,4.75,3.8,1.7,4.6,3.8,1.7,4.5,3.5,1.75,4.6,3.9,1.67,4.65,4.1,1.77,4.5,3.8,1.73,4.4,4.1,1.73,37,5,4.43,4.15,3.91,1.77,1.71,33,1.62,1.57,2.48,2.32,15,0.75,1.95,1.9,2,1.94,6.35,4.62,1.54
SC0,23/09/17,Ross County,Hibernian,0,1,A,0,1,A,A Dallas,8,15,3,7,14,9,6,8,2,1,0,0,4.75,3.6,1.73,3.9,3.7,1.85,3.7,3.5,1.9,4.2,3.7,1.8,4.27,3.98,1.85,3.9,3.6,1.91,4.2,3.8,1.83,37,4.75,4.05,4,3.69,1.91,1.81,37,1.8,1.71,2.21,2.09,14,0.5,2.11,2.04,1.87,1.81,3.76,3.62,2.07
SC0,23/09/17,St Johnstone,Hamilton,2,1,H,0,1,A,W Collum,8,16,2,6,7,17,5,7,1,1,0,1,1.85,3.5,4.2,1.85,3.5,4.1,1.85,3.45,4,1.91,3.3,4,1.91,3.58,4.5,1.91,3.5,4,1.9,3.5,4.2,37,1.95,1.88,3.6,3.43,4.5,4.08,36,2.11,2.02,1.82,1.75,15,-0.5,1.96,1.9,2.02,1.94,1.95,3.68,4.14
SC0,24/09/17,Motherwell,Aberdeen,0,1,A,0,0,D,N Walsh,9,8,2,3,12,12,8,4,2,2,0,0,4,3.75,1.83,4.2,3.6,1.8,4.9,3.7,1.65,4,3.6,1.85,4.26,3.76,1.91,3.8,3.6,1.91,4,3.75,1.8,35,4.9,3.99,3.85,3.63,1.91,1.84,34,1.87,1.78,2.09,1.99,12,0.5,2.05,2,1.91,1.85,4.21,3.71,1.93
SC0,29/09/17,Hamilton,Rangers,1,4,A,1,3,A,A Dallas,13,5,9,5,14,16,7,3,1,1,0,1,6.5,4.5,1.45,6.25,4.1,1.5,7,4,1.45,6,4.25,1.5,6.93,4.6,1.51,7,4.4,1.44,6,4.6,1.5,37,7,6.05,4.65,4.36,1.55,1.48,31,1.67,1.62,2.32,2.22,15,1,2.08,2.02,1.87,1.81,7.92,4.98,1.43
SC0,30/09/17,Aberdeen,St Johnstone,3,0,H,2,0,H,J Beaton,13,4,7,0,14,12,8,1,2,1,0,0,1.55,3.75,6.5,1.57,3.75,6,1.6,3.7,5.4,1.53,3.9,6,1.56,4.16,7.02,1.6,4,5.5,1.53,4,5.75,37,1.62,1.55,4.16,3.91,7.02,5.89,35,2,1.9,1.94,1.87,16,-1,2.03,1.96,1.93,1.87,1.56,4.07,7.3
SC0,30/09/17,Celtic,Hibernian,2,2,D,1,0,H,W Collum,13,15,5,7,11,14,3,6,3,2,0,0,1.25,6,11,1.22,6.25,11.5,1.25,5.5,10.3,1.25,5.75,11,1.24,6.97,12.82,1.22,6,12,1.25,5.75,10,37,1.27,1.24,6.97,6.07,13.35,10.54,27,1.5,1.44,3,2.64,14,-1.75,2.06,1.98,1.95,1.85,1.28,6.31,12.02
SC0,30/09/17,Dundee,Hearts,2,1,H,1,0,H,S McLean,9,11,6,4,15,12,6,10,3,1,0,0,3.75,3.4,2,3.5,3.25,2.1,3.3,3.3,2.1,3.4,3.3,2.1,3.54,3.52,2.18,3.5,3.5,2.05,3.3,3.4,2.1,37,3.75,3.39,3.52,3.36,2.2,2.09,35,1.99,1.9,1.96,1.87,15,0.25,2.07,2.02,1.89,1.83,3.88,3.48,2.08
SC0,30/09/17,Kilmarnock,Ross County,0,2,A,0,2,A,C Thomson,9,9,1,6,10,8,3,10,0,0,0,0,2.6,3.25,2.7,2.55,3.25,2.7,2.6,3.2,2.6,2.65,3.25,2.65,2.79,3.33,2.73,2.62,3.4,2.62,2.6,3.3,2.6,37,2.8,2.63,3.4,3.24,2.75,2.62,35,2.08,1.95,1.91,1.82,16,0,1.98,1.91,2,1.92,3.05,3.19,2.61
SC0,30/09/17,Motherwell,Partick,3,0,H,1,0,H,G Aitken,16,4,7,0,8,10,10,3,0,4,0,0,2.1,3.25,3.5,2,3.3,3.7,2,3.3,3.6,2.1,3.4,3.4,2.17,3.48,3.62,2.05,3.5,3.5,2.05,3.5,3.3,37,2.17,2.07,3.5,3.37,3.7,3.45,35,1.98,1.89,1.95,1.87,14,-0.5,2.16,2.09,1.82,1.77,2.23,3.41,3.53
SC0,13/10/17,St Johnstone,Rangers,0,3,A,0,1,A,D Robertson,5,15,2,5,11,12,16,2,1,3,1,0,4.75,3.8,1.7,4.5,3.9,1.7,4.5,3.5,1.75,4.5,3.75,1.75,4.85,3.98,1.76,4.8,3.8,1.7,4.6,3.9,1.73,35,4.95,4.56,3.98,3.77,1.78,1.72,30,1.79,1.72,2.19,2.08,17,0.75,1.95,1.9,2,1.94,5.31,3.88,1.72
SC0,14/10/17,Celtic,Dundee,1,0,H,0,0,D,A Dallas,19,11,9,4,10,17,5,4,0,3,0,0,1.1,10,21,1.08,10.5,19.5,1.12,8,16,1.11,10,29,,,,1.1,9.5,21,1.08,11,29,34,1.12,1.09,11,9.51,32.35,22.24,29,1.31,1.26,4,3.62,14,-2.5,1.86,1.8,2.11,2.04,1.11,10.95,27.42
SC0,14/10/17,Hamilton,Motherwell,1,2,A,1,1,D,C Thomson,8,16,5,5,13,11,6,10,1,2,0,0,2.9,3.5,2.3,2.85,3.3,2.4,2.65,3.3,2.5,3,3.4,2.3,3.14,3.56,2.34,2.88,3.4,2.38,3,3.4,2.38,35,3.14,2.92,3.56,3.37,2.5,2.33,34,1.91,1.83,2.03,1.94,16,0,2.24,2.15,1.76,1.71,3.23,3.55,2.3
SC0,14/10/17,Hibernian,Aberdeen,0,1,A,0,1,A,S McLean,13,7,4,2,9,16,7,0,2,3,0,0,2.25,3.6,2.9,2.4,3.5,2.75,2.6,3.2,2.6,2.4,3.3,2.87,2.37,3.63,3.06,2.45,3.4,2.8,2.45,3.4,2.88,35,2.6,2.38,3.63,3.37,3.06,2.85,34,1.98,1.9,1.97,1.87,16,-0.25,2.09,2.04,1.87,1.81,2.38,3.6,3.05
SC0,14/10/17,Partick,Kilmarnock,0,2,A,0,1,A,K Clancy,7,10,3,6,9,12,6,2,1,1,0,0,2.1,3.4,3.5,2.05,3.4,3.5,2.2,3.3,3.1,2.15,3.2,3.5,2.25,3.5,3.39,2.15,3.3,3.4,2.2,3.4,3.3,35,2.25,2.15,3.5,3.29,3.6,3.35,33,2.19,2.08,1.78,1.71,16,-0.25,1.94,1.89,2.02,1.95,2.04,3.4,4.16
SC0,14/10/17,Ross County,Hearts,1,2,A,1,1,D,W Collum,10,10,4,4,11,14,4,6,3,4,0,1,2.8,3.4,2.4,2.8,3.4,2.4,2.75,3.3,2.4,2.87,3.3,2.4,2.85,3.79,2.44,2.75,3.6,2.4,2.88,3.5,2.4,35,2.9,2.8,3.79,3.42,2.5,2.38,34,1.95,1.88,1.99,1.89,15,0,2.19,2.08,1.81,1.76,3.18,3.65,2.29
SC0,21/10/17,Hearts,St Johnstone,1,0,H,0,0,D,N Walsh,11,2,4,1,16,11,4,3,4,3,0,0,1.83,3.5,4.33,1.9,3.4,4,1.85,3.45,4,1.87,3.5,4.2,1.95,3.61,4.22,1.91,3.5,4,1.93,3.6,4,34,1.95,1.88,3.75,3.48,4.33,3.98,33,1.97,1.9,1.97,1.86,16,-0.5,1.96,1.9,1.99,1.94,1.9,3.42,4.83
SC0,21/10/17,Partick,Dundee,2,1,H,0,1,A,E Anderson,6,15,4,6,13,7,8,1,4,2,0,0,2.37,3.29,2.89,2.35,3.2,3,2.2,3.3,3.1,2.35,3.2,3.1,2.44,3.49,3.04,2.3,3.3,3.1,2.38,3.3,3.1,33,2.45,2.32,3.49,3.25,3.1,3.02,31,2.15,2.06,1.8,1.73,16,-0.25,2.06,2.01,1.88,1.84,2.5,3.57,2.9
SC0,21/10/17,Ross County,Hamilton,2,1,H,0,0,D,S Finnie,14,8,6,1,13,16,8,8,2,2,0,0,1.85,3.79,4,1.9,3.5,3.9,1.85,3.45,4,1.91,3.5,3.8,1.95,4.05,3.75,1.95,3.5,3.8,1.9,3.8,3.8,34,1.95,1.89,4.05,3.66,4,3.74,33,1.83,1.74,2.17,2.04,17,-0.5,1.95,1.89,2,1.95,1.87,4.1,4
SC0,24/10/17,Hamilton,Partick,0,0,D,0,0,D,S McLean,6,12,0,3,13,12,3,8,1,2,0,0,2.45,3.29,2.79,2.5,3.25,2.75,2.6,3.2,2.6,2.6,3.2,2.75,2.65,3.43,2.81,2.6,3.3,2.7,2.55,3.4,2.75,36,2.7,2.54,3.43,3.24,2.9,2.72,31,2.1,2.04,1.82,1.75,19,0,1.92,1.87,2.05,1.97,2.7,3.4,2.77
SC0,24/10/17,Hibernian,Hearts,1,0,H,1,0,H,A Dallas,11,9,4,2,11,21,11,3,2,3,0,0,1.95,3.39,3.89,2.05,3.4,3.5,2,3.3,3.6,2.05,3.3,3.6,2.09,3.45,3.84,2.05,3.3,3.75,2.05,3.5,3.6,36,2.1,2.02,3.5,3.33,3.95,3.67,33,2.1,1.99,1.85,1.78,18,-0.5,2.09,2.03,1.85,1.82,2.14,3.45,3.74
SC0,24/10/17,St Johnstone,Ross County,0,0,D,0,0,D,B Cook,13,6,5,3,8,11,7,6,0,4,0,0,2.29,3.29,3.1,2.25,3.25,3.1,2.2,3.3,3.1,2.35,3.2,3.2,2.44,3.44,3.08,2.3,3.3,3.1,2.38,3.3,3.1,36,2.44,2.31,3.5,3.26,3.2,3.06,32,2.12,2.01,1.85,1.77,18,-0.25,2.1,2.01,1.87,1.84,2.31,3.49,3.28
SC0,25/10/17,Aberdeen,Celtic,0,3,A,0,2,A,C Thomson,5,21,2,10,17,6,3,4,4,0,0,0,7,4,1.5,6.25,3.7,1.57,5,3.9,1.6,6,4,1.53,6.37,4.3,1.57,6.5,4,1.53,6.25,4.2,1.53,35,7,5.94,4.3,4.01,1.6,1.53,34,1.86,1.79,2.08,1.99,17,1,2,1.92,1.97,1.91,5.74,3.92,1.68
SC0,25/10/17,Dundee,Motherwell,0,1,A,0,1,A,S Finnie,8,11,3,7,12,17,3,4,3,3,0,0,2.75,3.25,2.54,2.7,3.3,2.5,2.6,3.2,2.6,2.7,3.4,2.5,2.79,3.55,2.6,2.75,3.4,2.5,2.75,3.5,2.5,35,2.82,2.7,3.55,3.36,2.65,2.5,33,1.9,1.75,2.12,2.03,18,0,2.07,1.99,1.89,1.85,2.45,3.47,3.04
SC0,25/10/17,Rangers,Kilmarnock,1,1,D,1,0,H,A Muir,20,11,5,5,10,11,11,4,1,3,1,0,1.25,5.75,11,1.26,5.5,10.5,1.27,5.2,10,1.28,5.5,11,1.29,6.19,11.68,1.25,6,11,1.25,6,11,35,1.29,1.26,6.25,5.64,13,10.44,30,1.57,1.51,2.6,2.45,16,-1.75,2.08,2.01,1.88,1.84,1.31,5.9,10.6
SC0,28/10/17,Aberdeen,Ross County,2,1,H,1,1,D,D Robertson,13,4,6,3,17,14,3,5,3,3,0,0,1.5,4.2,6.25,1.44,4.4,6.75,1.45,4,7,1.5,4.2,6.5,1.48,4.82,6.97,1.5,4.2,6.5,1.5,4.5,6.25,34,1.53,1.48,4.85,4.31,7,6.31,32,1.77,1.7,2.16,2.09,16,-1,1.89,1.84,2.05,1.99,1.56,4.29,6.73
SC0,28/10/17,Celtic,Kilmarnock,1,1,D,1,0,H,N Walsh,20,4,7,2,6,10,9,1,2,1,0,0,1.12,8,19,1.11,8.5,18,1.15,7,15,1.11,9,29,1.13,10.76,22.89,1.1,9,26,1.1,10,23,33,1.15,1.11,10.76,8.83,41.85,22.27,33,1.93,1.84,2.01,1.93,14,-2.5,2,1.96,1.93,1.86,1.12,10.5,27
SC0,28/10/17,Dundee,Hamilton,1,3,A,0,1,A,G Aitken,8,8,3,4,17,15,6,5,4,3,0,1,2.04,3.39,3.5,2.1,3.3,3.4,2,3.3,3.6,2.05,3.4,3.5,2.12,3.77,3.48,2,3.6,3.6,2.1,3.6,3.4,34,2.2,2.06,3.77,3.44,3.6,3.41,27,1.37,1.32,3.4,3.22,16,-0.5,2.16,2.08,1.82,1.77,2.12,3.71,3.53
SC0,28/10/17,Hearts,Rangers,1,3,A,1,1,D,C Thomson,9,13,3,7,14,11,3,7,1,2,0,0,3.29,3.5,2.1,3.4,3.5,2.05,3.6,3.3,2,3.4,3.4,2.1,3.5,3.73,2.12,3.3,3.5,2.1,3.3,3.7,2.1,33,3.6,3.33,3.73,3.51,2.2,2.07,31,1.85,1.76,2.12,2.01,15,0.5,1.82,1.78,2.12,2.06,3.27,3.66,2.24
SC0,28/10/17,Motherwell,Hibernian,0,1,A,0,1,A,B Madden,4,12,2,3,12,11,4,8,1,0,0,0,3.2,3.39,2.2,3.2,3.2,2.25,2.9,3.3,2.3,3.1,3.4,2.2,3.18,3.7,2.27,3.3,3.4,2.15,3.13,3.6,2.2,34,3.4,3.17,3.7,3.41,2.3,2.18,34,1.91,1.85,2.04,1.92,16,0.25,1.97,1.92,1.98,1.93,3.59,3.61,2.13
SC0,28/10/17,Partick,St Johnstone,1,0,H,1,0,H,J Beaton,5,7,3,5,13,9,5,4,0,1,0,0,2.62,3.39,2.54,2.7,3,2.7,2.75,3.3,2.4,2.75,3,2.7,2.82,3.21,2.79,2.75,3.2,2.62,2.7,3.2,2.7,34,2.82,2.71,3.39,3.11,2.8,2.66,31,2.44,2.29,1.64,1.59,16,0,1.99,1.94,1.95,1.9,2.83,3.26,2.74
SC0,31/10/17,Kilmarnock,Hibernian,0,3,A,0,1,A,S Finnie,16,5,5,4,7,12,7,5,0,3,0,0,5.25,3.75,1.64,5,3.75,1.65,3.8,3.45,1.9,5.5,3.5,1.67,5.52,3.82,1.72,5,3.6,1.7,5.5,3.75,1.67,35,5.55,5.07,3.83,3.62,1.9,1.69,30,2.25,2.12,1.77,1.69,17,0.75,2.01,1.95,1.93,1.89,5.08,3.82,1.76
SC0,04/11/17,Hamilton,Aberdeen,2,2,D,1,1,D,N Walsh,9,10,4,3,5,5,4,7,2,0,0,0,5.75,3.75,1.6,5.25,3.8,1.62,5,3.9,1.6,5.5,3.8,1.61,5.28,4.23,1.67,5.5,3.8,1.62,5.2,4,1.65,36,5.75,5.15,4.23,3.84,1.7,1.63,34,1.91,1.84,2.01,1.94,16,0.75,2.06,2.01,1.88,1.83,6,3.98,1.65
SC0,04/11/17,Hibernian,Dundee,2,1,H,1,1,D,G Beaton,10,10,5,5,13,11,6,2,4,2,0,0,1.39,4.5,8,1.4,4.25,8,1.4,4.4,7.3,1.44,4.4,7.5,1.45,4.88,7.5,1.44,4.5,7,1.45,4.6,7,36,1.45,1.42,4.88,4.43,8,7.12,33,1.8,1.7,2.21,2.1,16,-1.25,2.08,2.01,1.89,1.83,1.43,5.07,7.7
SC0,04/11/17,Rangers,Partick,3,0,H,2,0,H,W Collum,13,6,5,1,9,7,7,3,0,2,0,0,1.36,4.75,8.5,1.34,4.6,9.5,1.4,4.4,7.3,1.33,5,9.5,1.31,5.7,11.3,1.33,5,9,1.33,5.25,9,35,1.4,1.32,5.7,4.96,11.3,8.9,29,1.75,1.65,2.33,2.17,16,-1.5,2.05,2,1.91,1.84,1.36,5.42,9.6
SC0,04/11/17,Ross County,Motherwell,3,2,H,3,0,H,E Anderson,7,7,4,4,10,18,0,5,1,1,0,0,2.5,3.39,2.7,2.55,3.25,2.7,2.4,3.3,2.75,2.5,3.4,2.7,2.53,3.63,2.82,2.5,3.4,2.7,2.5,3.6,2.7,36,2.6,2.47,3.63,3.4,2.82,2.7,33,1.79,1.7,2.22,2.09,18,0,1.9,1.83,2.07,2,3.11,3.47,2.41
SC0,04/11/17,St Johnstone,Celtic,0,4,A,0,1,A,B Madden,6,27,2,15,11,8,4,3,2,0,0,0,13,6.5,1.19,12.5,5.75,1.22,10.3,5.5,1.25,15,6,1.22,13.58,6.57,1.25,11,6,1.25,13,6.5,1.22,36,15,12.23,6.57,6.01,1.25,1.22,30,1.57,1.52,2.63,2.43,16,1.75,2.06,2,1.9,1.85,15.25,6.9,1.23
SC0,05/11/17,Hearts,Kilmarnock,1,2,A,0,1,A,K Clancy,10,8,2,3,13,8,7,4,4,1,0,0,1.75,4,4.09,1.78,3.6,4.4,1.8,3.5,4.2,1.73,3.7,4.5,,,,1.73,3.8,4.5,1.67,3.8,4.6,29,1.83,1.73,4.1,3.75,4.75,4.44,23,1.91,1.83,2.02,1.92,8,-0.75,1.96,1.92,1.96,1.91,1.95,3.37,4.62
SC0,18/11/17,Aberdeen,Motherwell,0,2,A,0,1,A,B Madden,3,10,2,5,15,13,8,3,2,1,0,0,1.72,3.75,4.5,1.7,3.8,4.5,1.65,3.6,5.1,1.75,3.7,4.6,1.78,4.09,4.6,1.75,3.75,4.5,1.73,3.9,4.6,35,1.78,1.72,4.09,3.79,5.1,4.5,34,1.83,1.77,2.13,2,17,-0.75,2.01,1.94,1.95,1.9,1.88,3.86,4.27
SC0,18/11/17,Dundee,Kilmarnock,0,0,D,0,0,D,W Collum,4,7,1,2,11,11,6,6,0,3,1,0,2.39,3.2,2.89,2.45,3.25,2.85,2.2,3.3,3.1,2.5,3.2,2.8,2.61,3.48,2.86,2.5,3.2,2.9,2.5,3.3,2.88,35,2.62,2.48,3.48,3.24,3.1,2.82,35,2.12,2.01,1.84,1.77,18,0,1.87,1.81,2.11,2.04,2.52,3.54,2.89
SC0,18/11/17,Hibernian,St Johnstone,1,2,A,0,0,D,C Thomson,11,8,3,5,6,11,10,6,1,4,0,0,1.57,3.79,6,1.6,3.75,5.5,1.55,3.9,5.6,1.6,3.8,5.8,1.6,4.21,6.19,1.57,3.8,6,1.57,4.1,6,35,1.6,1.58,4.21,3.89,6.25,5.74,35,2,1.91,1.96,1.86,18,-1,2.09,2.02,1.86,1.82,1.63,4.02,6.2
SC0,18/11/17,Rangers,Hamilton,0,2,A,0,0,D,G Aitken,17,4,4,2,7,7,13,0,1,0,0,1,1.3,5.25,9,1.3,5.25,9,1.3,5,9,1.36,5,8.5,1.36,5.43,9.46,1.33,5,9,1.33,5.25,8.5,35,1.36,1.33,5.6,5.13,10.5,8.65,30,1.56,1.52,2.65,2.44,18,-1.5,2.05,1.98,1.93,1.86,1.35,5.57,9.64
SC0,18/11/17,Ross County,Celtic,0,1,A,0,0,D,N Walsh,5,10,1,3,10,9,1,11,3,2,0,0,13,6.5,1.19,13,6.5,1.19,12,5.5,1.22,13,6.5,1.22,13.5,7.15,1.23,13,6,1.22,13,7,1.2,35,15,12.35,7.25,6.52,1.23,1.21,27,1.45,1.39,3.05,2.83,17,2,1.88,1.83,2.09,2,13,8.2,1.21
SC0,19/11/17,Hearts,Partick,1,1,D,0,0,D,A Dallas,9,4,2,1,12,13,3,3,1,2,0,0,1.8,3.5,4.5,1.78,3.5,4.4,,,,1.87,3.3,4.4,1.91,3.54,4.55,1.83,3.5,4.4,1.83,3.4,4.2,34,1.91,1.83,3.6,3.43,4.75,4.36,33,2.3,2.12,1.78,1.69,16,-0.5,1.91,1.86,2.07,1.99,1.75,3.74,5.4
SC0,24/11/17,Dundee,Rangers,2,1,H,0,0,D,K Clancy,6,15,5,8,7,16,2,5,2,2,0,0,7,4.33,1.44,6,4.25,1.5,5.4,3.7,1.6,6.5,4.4,1.44,7.08,4.83,1.48,6,4.4,1.5,6.5,4.6,1.45,36,7.08,6.26,4.83,4.43,1.6,1.47,30,1.62,1.56,2.55,2.36,18,1,2.17,2.1,1.85,1.76,6.63,4.84,1.5
SC0,25/11/17,Hamilton,Hibernian,1,1,D,0,1,A,D Robertson,1,9,1,5,12,6,0,11,5,1,0,0,5.25,3.75,1.64,4.25,3.9,1.72,4.5,3.5,1.75,4.8,3.75,1.7,5.23,3.94,1.72,5,3.4,1.75,5,3.9,1.67,35,5.25,4.73,4,3.73,1.76,1.7,34,1.9,1.81,2.06,1.97,16,0.75,2.04,1.98,1.92,1.88,5.44,4.06,1.68
SC0,25/11/17,Hearts,Ross County,0,0,D,0,0,D,J Beaton,23,5,10,1,16,13,8,2,2,2,0,0,1.9,3.5,4,1.85,3.4,4.25,1.9,3.45,3.8,1.91,3.4,4,1.91,3.67,4.37,1.91,3.4,4,1.91,3.6,4,35,1.95,1.89,3.67,3.47,4.37,3.99,34,2.02,1.93,1.92,1.84,17,-0.5,1.95,1.91,2.01,1.95,2.01,3.53,4.11
SC0,26/11/17,Kilmarnock,Aberdeen,1,3,A,0,2,A,S McLean,13,8,2,4,13,13,1,3,2,2,1,0,4.33,3.39,1.85,4.5,3.3,1.83,4,3.45,1.85,4,3.4,1.91,4.2,3.76,1.92,4,3.3,1.95,3.8,3.5,1.9,35,4.5,4.01,3.76,3.41,1.97,1.9,33,2.12,2.02,1.88,1.76,16,0.5,2,1.93,1.97,1.93,3.94,3.35,2.12
SC0,29/11/17,Motherwell,Celtic,1,1,D,0,0,D,W Collum,5,21,1,7,18,8,4,7,4,1,0,0,11,5.75,1.25,9.75,5.75,1.26,10.3,5.5,1.25,11,5.75,1.25,11.15,6.15,1.29,12,6,1.22,11,6,1.25,34,12,10.29,6.25,5.73,1.3,1.26,29,1.5,1.44,2.85,2.68,16,1.5,2.14,2.08,1.82,1.77,11.53,6.28,1.28
SC0,29/11/17,Rangers,Aberdeen,3,0,H,2,0,H,A Dallas,9,10,6,2,24,16,6,2,3,3,0,1,1.95,3.6,3.6,1.95,3.5,3.7,2.1,3.3,3.3,2,3.4,3.5,2.07,3.72,3.64,2.05,3.5,3.5,2,3.6,3.6,33,2.1,2,3.75,3.51,3.75,3.52,32,1.87,1.8,2.07,1.97,17,-0.5,2.09,2.02,1.88,1.84,1.99,3.75,3.91
SC0,02/12/17,Celtic,Motherwell,5,1,H,2,0,H,K Clancy,19,6,8,2,7,17,9,0,1,3,0,0,1.14,8.5,13,1.16,7.25,14,1.15,7,15,1.17,7,19,1.19,8.3,14.82,1.17,7,15,1.15,8,17,35,1.19,1.16,8.5,7.46,19,14.77,27,1.43,1.4,3.05,2.82,17,-2,1.85,1.8,2.11,2.05,1.19,7.6,18.5
SC0,02/12/17,Hearts,Hamilton,1,1,D,0,0,D,B Madden,7,15,1,7,21,14,5,7,4,4,1,0,1.7,3.5,5.25,1.7,3.7,4.75,1.8,3.5,4.2,1.7,3.6,5,1.7,3.95,5.49,1.75,3.5,4.8,1.7,3.9,4.8,35,1.8,1.7,3.95,3.65,5.49,4.81,34,2.03,1.93,1.93,1.85,16,-0.75,1.97,1.92,2,1.93,1.55,4.2,7.04
SC0,02/12/17,Partick,Hibernian,0,1,A,0,0,D,C Thomson,7,8,4,4,14,6,3,9,1,0,0,0,5,3.75,1.66,4.75,3.6,1.72,4.4,3.6,1.75,4.8,3.6,1.73,4.97,3.87,1.77,4.8,3.5,1.75,4.75,3.75,1.75,33,5,4.74,3.87,3.63,1.77,1.72,32,2.08,1.99,1.87,1.79,15,0.75,1.94,1.89,2.02,1.97,4.26,3.73,1.92
SC0,02/12/17,Ross County,Dundee,0,2,A,0,1,A,S McLean,6,12,1,5,13,17,5,7,1,2,0,0,2.25,3.39,3.1,2.2,3.3,3.2,2.1,3.3,3.3,2.2,3.4,3.1,2.37,3.59,3.09,2.25,3.2,3.2,2.3,3.5,3,35,2.37,2.25,3.6,3.35,3.3,3.07,34,1.88,1.82,2.04,1.95,16,-0.25,2.05,1.99,1.91,1.86,2.11,3.68,3.57
SC0,02/12/17,St Johnstone,Kilmarnock,1,2,A,1,1,D,J Beaton,6,11,2,6,7,14,7,7,1,3,0,0,2.1,3.29,3.5,2.2,3.1,3.4,2.1,3.3,3.3,2.2,3.1,3.4,2.34,3.31,3.38,2.25,3.2,3.3,2.25,3.3,3.3,35,2.35,2.22,3.35,3.18,3.5,3.3,31,2.36,2.24,1.67,1.62,16,-0.25,2,1.94,1.97,1.91,2.3,3.45,3.34
SC0,03/12/17,Aberdeen,Rangers,1,2,A,0,1,A,W Collum,9,5,3,4,15,18,5,5,1,3,0,1,2.75,3.29,2.5,2.75,3.4,2.4,2.75,3.3,2.4,2.75,3.3,2.45,2.85,3.7,2.48,2.8,3.5,2.4,2.63,3.5,2.45,33,2.85,2.74,3.7,3.41,2.5,2.44,32,1.87,1.8,2.1,1.97,17,0,2.07,2.01,1.88,1.83,2.81,3.65,2.53
SC0,08/12/17,Dundee,Aberdeen,0,1,A,0,0,D,N Walsh,13,13,5,4,9,11,7,10,3,2,0,0,4.33,3.75,1.75,4.33,3.6,1.78,3.8,3.45,1.9,4.25,3.5,1.83,4.51,3.83,1.85,4.2,3.6,1.83,4.2,3.75,1.83,38,4.51,4.19,3.83,3.58,1.9,1.83,33,1.99,1.91,1.96,1.88,20,0.5,2.08,2.01,1.87,1.83,3.89,3.53,2.06
SC0,09/12/17,Hamilton,St Johnstone,0,1,A,0,0,D,C Thomson,10,7,2,3,7,5,7,4,0,2,0,0,2.54,3.25,2.75,2.65,3.25,2.6,2.6,3.2,2.6,2.65,3.2,2.65,2.75,3.4,2.72,2.7,3.1,2.7,2.63,3.3,2.75,37,2.75,2.62,3.4,3.23,2.75,2.66,35,2.11,2.03,1.83,1.75,19,-0.25,2.34,2.24,1.72,1.65,2.65,3.27,2.92
SC0,09/12/17,Hearts,Motherwell,1,0,H,1,0,H,A Dallas,8,6,1,4,10,13,6,3,0,2,0,0,2.1,3.25,3.6,2.15,3.3,3.3,2.1,3.3,3.3,2.15,3.3,3.4,2.17,3.49,3.61,2.2,3.3,3.3,2.15,3.4,3.4,37,2.25,2.13,3.5,3.31,3.61,3.37,36,2.08,2,1.86,1.78,20,-0.25,1.89,1.84,2.05,1.99,1.84,3.59,4.94
SC0,09/12/17,Kilmarnock,Partick,5,1,H,2,1,H,B Madden,17,9,9,2,5,11,6,7,0,3,0,0,2.2,3.25,3.29,2.25,3.2,3.2,2.3,3.2,3,2.25,3.1,3.4,2.25,3.32,3.56,2.25,3.2,3.3,2.2,3.3,3.4,37,2.3,2.22,3.32,3.2,3.56,3.29,30,2.29,2.19,1.72,1.65,20,-0.25,1.95,1.89,1.99,1.93,2.26,3.26,3.62
SC0,09/12/17,Rangers,Ross County,2,1,H,0,1,A,E Anderson,19,7,6,4,9,7,9,0,0,1,0,0,1.36,4.5,9,1.35,4.75,8.25,1.4,4.5,7,1.36,4.8,8,1.37,5.48,8.7,1.36,5,8,1.36,5,8.5,36,1.4,1.36,5.48,4.9,9,7.84,31,1.62,1.56,2.48,2.34,20,-1.25,1.87,1.79,2.11,2.04,1.36,5.23,9.88
SC0,10/12/17,Hibernian,Celtic,2,2,D,0,0,D,J Beaton,8,19,3,6,10,15,3,2,1,2,0,0,6.5,4.5,1.44,6.75,4.25,1.45,6.1,4,1.5,6.5,4.33,1.44,6.85,4.7,1.5,7,4.5,1.44,6.25,4.5,1.44,37,7,6.4,4.75,4.41,1.5,1.46,27,1.73,1.67,2.22,2.14,20,1.25,1.85,1.79,2.14,2.04,6.42,4.26,1.57
SC0,12/12/17,Hearts,Dundee,2,0,H,1,0,H,C Thomson,10,7,7,2,20,10,4,6,1,0,0,0,1.85,3.5,4.2,1.8,3.5,4.33,1.75,3.5,4.5,1.83,3.5,4.25,1.83,3.82,4.62,1.83,3.4,4.5,1.87,3.5,4.4,38,1.87,1.82,3.82,3.5,4.75,4.29,33,2.03,1.96,1.93,1.82,21,-0.5,1.89,1.83,2.09,2.01,1.99,3.68,3.97
SC0,12/12/17,Ross County,Kilmarnock,2,2,D,2,0,H,A Dallas,9,13,6,7,8,16,2,4,0,3,0,0,2.45,3.29,2.79,2.5,3.2,2.8,2.4,3.3,2.75,2.5,3.1,2.87,2.51,3.51,2.92,2.5,3.2,2.88,2.5,3.3,2.88,38,2.62,2.48,3.51,3.24,2.92,2.81,33,2.17,2.07,1.79,1.73,21,-0.25,2.23,2.13,1.78,1.72,2.68,3.39,2.8
SC0,13/12/17,Celtic,Hamilton,3,1,H,3,1,H,S Finnie,16,6,8,2,8,9,11,3,1,1,0,0,1.11,9,17,1.11,8.75,19.5,1.15,7,15,1.13,8,23,1.14,9.73,21.13,1.14,8,17,1.13,9,20,37,1.15,1.13,9.73,8.23,25.7,17.9,32,1.4,1.35,3.2,3.02,20,-2.25,1.93,1.86,2.03,1.96,1.12,10.52,24.89
SC0,13/12/17,Hibernian,Rangers,1,2,A,1,2,A,K Clancy,10,12,3,3,15,18,4,4,1,4,0,0,2.89,3.29,2.37,3,3.3,2.3,2.75,3.3,2.4,2.87,3.3,2.4,2.97,3.56,2.46,2.9,3.4,2.4,2.8,3.4,2.5,37,3,2.89,3.56,3.33,2.5,2.38,33,1.91,1.84,2.04,1.93,20,0.25,1.82,1.76,2.16,2.08,2.63,3.61,2.72
SC0,13/12/17,Partick,Motherwell,3,2,H,3,0,H,D Robertson,6,12,3,6,11,9,5,10,1,1,0,0,2.89,3.29,2.37,2.9,3.2,2.45,2.75,3.3,2.4,3,3.1,2.45,3.05,3.37,2.5,2.9,3.4,2.4,3,3.3,2.45,37,3.05,2.92,3.4,3.21,2.5,2.41,30,2.26,2.14,1.73,1.68,20,0.25,1.82,1.76,2.14,2.08,2.65,3.24,2.96
SC0,13/12/17,St Johnstone,Aberdeen,0,3,A,0,2,A,A Muir,8,15,2,4,9,9,4,6,1,1,0,0,3.5,3.29,2.1,3.6,3.25,2.05,3.1,3.3,2.2,3.8,3.2,2.05,4.16,3.31,2.07,3.6,3.3,2.1,3.7,3.3,2.1,37,4.16,3.69,3.4,3.23,2.2,2.05,27,2.37,2.22,1.67,1.62,20,0.25,2.15,2.06,1.83,1.77,3.96,3.25,2.15
SC0,16/12/17,Aberdeen,Hibernian,4,1,H,3,0,H,B Madden,18,5,6,3,14,8,3,7,0,1,0,0,2.39,3.39,2.79,2.35,3.4,2.85,2.3,3.3,2.9,2.5,3.25,2.8,2.53,3.57,2.85,2.5,3.3,2.8,2.5,3.4,2.8,34,2.53,2.43,3.57,3.31,3,2.82,32,2.05,1.97,1.91,1.81,18,-0.25,2.2,2.12,1.78,1.74,2.37,3.52,3.13
SC0,16/12/17,Dundee,Partick,3,0,H,2,0,H,G Aitken,12,10,6,2,7,13,4,4,1,2,0,0,2.2,3.25,3.29,2.2,3.25,3.25,2.2,3.3,3.1,2.3,3.2,3.2,2.37,3.38,3.25,2.3,3.2,3.2,2.3,3.4,3.13,34,2.37,2.28,3.4,3.23,3.29,3.12,32,2.2,2.08,1.77,1.72,17,-0.25,2.03,1.96,1.93,1.87,2.33,3.47,3.26
SC0,16/12/17,Hamilton,Ross County,3,2,H,1,0,H,G Duncan,10,13,7,6,19,10,1,6,5,1,1,1,2.39,3.5,2.75,2.4,3.4,2.8,2.3,3.3,2.9,2.5,3.2,2.8,2.54,3.36,2.99,2.5,3.2,2.9,2.5,3.4,2.8,34,2.55,2.45,3.55,3.25,3,2.83,32,2.2,2.07,1.79,1.73,16,-0.25,2.21,2.11,1.8,1.74,2.29,3.47,3.33
SC0,16/12/17,Kilmarnock,Motherwell,1,0,H,1,0,H,E Anderson,16,12,5,5,11,19,4,7,1,1,0,0,2.39,3.25,2.89,2.4,3.25,2.9,2.4,3.3,2.75,2.4,3.2,2.9,2.61,3.37,2.89,2.5,3.2,2.9,2.5,3.4,2.88,34,2.61,2.44,3.4,3.23,3,2.85,33,2.12,2.04,1.81,1.74,17,-0.25,2.19,2.11,1.8,1.76,2.35,3.47,3.21
SC0,16/12/17,Rangers,St Johnstone,1,3,A,1,1,D,D Robertson,9,8,3,3,13,8,6,0,2,4,0,0,1.36,4.5,9,1.36,4.5,9,1.4,4.4,7.3,1.4,4.6,8,1.38,5.29,9.04,1.4,4.5,8,1.4,4.8,8,33,1.41,1.38,5.29,4.63,9.04,7.91,31,1.73,1.66,2.31,2.17,17,-1.25,1.94,1.88,2.04,1.96,1.35,5.29,10.62
SC0,17/12/17,Hearts,Celtic,4,0,H,2,0,H,W Collum,12,15,5,4,11,4,4,5,2,1,0,0,8.5,4.75,1.36,8.25,4.6,1.36,7.3,4.4,1.4,9,4.8,1.36,8.35,5.43,1.39,8,5,1.36,8,5,1.33,33,9,8.04,5.43,4.85,1.43,1.35,29,1.69,1.65,2.26,2.17,17,1.25,2.11,2.04,1.85,1.8,12.36,5.78,1.3
SC0,20/12/17,Celtic,Partick,2,0,H,1,0,H,A Muir,16,2,7,0,6,16,5,5,0,6,0,0,1.1,9,25,1.08,10.5,20,1.12,8,16,1.11,9.5,34,1.12,10.5,27.35,1.1,9,26,1.09,10.5,26,36,1.13,1.1,11.04,9.04,41,24.44,30,1.46,1.4,3,2.82,19,-2.5,2.03,1.97,1.93,1.87,1.11,11.05,30
SC0,23/12/17,Celtic,Aberdeen,3,0,H,1,0,H,C Thomson,18,7,8,1,10,12,7,7,1,4,0,0,1.36,4.75,8.5,1.28,5.5,9.25,1.4,4.5,7,1.36,4.8,9,,,,1.33,5,9,1.33,5,9.5,34,1.4,1.34,5.5,4.85,9.5,8.45,29,1.68,1.63,2.25,2.18,17,-1.5,2.12,2.01,1.89,1.82,1.27,6.06,13.32
SC0,23/12/17,Hibernian,Ross County,2,1,H,1,1,D,N Walsh,16,5,10,3,14,17,10,1,3,3,0,0,1.53,4.2,5.75,1.48,4.33,6.25,1.55,4,5.5,1.5,4.2,6.5,1.52,4.53,6.94,1.5,4.33,6,1.5,4.33,6.5,35,1.55,1.49,4.53,4.2,6.94,6.12,32,1.81,1.73,2.19,2.05,18,-1,1.88,1.83,2.06,1.99,1.53,4.53,6.59
SC0,23/12/17,Kilmarnock,Rangers,2,1,H,0,1,A,W Collum,12,6,7,3,15,16,5,0,2,2,0,0,4.75,4,1.64,4.6,3.9,1.67,4.9,3.7,1.65,4.6,3.75,1.7,4.94,4.05,1.74,4.5,3.8,1.73,4.6,4,1.73,35,5,4.56,4.05,3.8,1.74,1.7,32,1.79,1.73,2.17,2.06,17,0.75,1.97,1.91,1.98,1.92,4.36,4.1,1.81
SC0,23/12/17,Motherwell,Dundee,1,1,D,0,0,D,D Robertson,13,13,7,3,13,14,4,6,2,2,0,0,2.2,3.39,3.2,2.2,3.3,3.2,2.1,3.3,3.3,2.3,3.3,3,2.38,3.54,3.1,2.25,3.3,3.2,2.38,3.4,3,35,2.38,2.27,3.54,3.31,3.3,3.05,33,2.01,1.93,1.93,1.83,17,-0.25,2.08,2,1.89,1.84,2.12,3.65,3.57
SC0,23/12/17,Partick,Hamilton,1,0,H,1,0,H,B Madden,6,8,1,1,11,13,4,7,2,1,0,0,2.37,3.5,2.79,2.45,3.3,2.8,2.4,3.3,2.75,2.55,3.1,2.87,,,,2.5,3.3,2.8,2.45,3.4,2.88,34,2.55,2.44,3.5,3.29,2.9,2.77,32,2.2,2.07,1.81,1.71,15,-0.25,2.2,2.11,1.78,1.73,2.54,3.51,2.89
SC0,23/12/17,St Johnstone,Hearts,0,0,D,0,0,D,K Clancy,11,6,4,1,6,12,9,7,1,1,0,1,3,3.2,2.39,2.9,3.25,2.4,2.75,3.3,2.4,3,3.1,2.45,3.12,3.31,2.48,2.9,3.2,2.5,3,3.2,2.45,35,3.12,2.96,3.31,3.17,2.5,2.4,29,2.35,2.22,1.65,1.61,17,0.25,1.84,1.78,2.13,2.07,3.12,3.43,2.42
SC0,26/12/17,Dundee,Celtic,0,2,A,0,2,A,K Clancy,5,19,2,6,8,13,1,5,1,2,0,0,13,6.5,1.19,11.5,7,1.19,10.3,5.5,1.25,15,6,1.22,13.24,7.1,1.24,13,6.5,1.2,13,6.5,1.22,35,16,12.3,7.1,6.31,1.25,1.21,31,1.53,1.48,2.7,2.53,17,1.75,2.07,2.02,1.87,1.82,13.76,7.08,1.23
SC0,27/12/17,Aberdeen,Partick,1,0,H,0,0,D,E Anderson,7,6,4,1,10,9,5,2,0,1,0,0,1.33,4.75,9.5,1.3,5,9.5,1.3,5,9,1.36,4.5,9.5,1.39,4.83,10.15,1.33,5,9,1.33,4.6,8.5,35,1.39,1.34,5,4.59,10.5,9.25,33,2.05,1.94,1.91,1.83,17,-1.25,1.93,1.88,2.01,1.96,1.57,4.01,7.2
SC0,27/12/17,Hearts,Hibernian,0,0,D,0,0,D,S McLean,7,11,0,1,15,12,0,4,3,1,0,0,2.79,3.39,2.39,2.7,3.4,2.45,2.6,3.2,2.6,2.8,3.25,2.45,2.94,3.48,2.52,2.8,3.4,2.45,2.75,3.4,2.4,35,2.94,2.77,3.48,3.29,2.6,2.46,33,2.05,1.96,1.91,1.82,15,0,2.12,2.04,1.84,1.81,2.93,3.28,2.64
SC0,27/12/17,Rangers,Motherwell,2,0,H,0,0,D,J Beaton,13,6,7,1,17,20,5,3,1,4,0,0,1.39,4.59,7.5,1.4,4.5,7.5,1.4,4.4,7.3,1.4,4.5,7.5,1.42,5.12,8.05,1.4,4.5,8,1.4,4.6,7,32,1.44,1.41,5.12,4.56,8.05,7.17,27,1.73,1.66,2.25,2.15,17,-1.25,2.01,1.95,1.93,1.88,1.41,5.17,8.21
SC0,27/12/17,Ross County,St Johnstone,1,1,D,0,1,A,G Aitken,16,5,8,2,11,11,3,5,2,2,0,0,2.62,3.39,2.54,2.65,3.3,2.55,2.75,3.3,2.4,2.75,3.2,2.6,2.86,3.38,2.63,2.9,3.2,2.5,2.63,3.3,2.55,35,2.9,2.74,3.4,3.22,2.65,2.55,32,2.17,2.08,1.79,1.72,15,0,2.04,1.98,1.94,1.86,2.5,3.31,3.09
SC0,30/12/17,Aberdeen,Hearts,0,0,D,0,0,D,J Beaton,18,11,4,4,9,16,10,1,0,5,0,1,1.75,3.75,4.5,1.8,3.6,4.25,1.8,3.5,4.2,1.8,3.4,4.6,1.84,3.65,4.83,1.85,3.4,4.4,1.8,3.7,4.5,36,1.86,1.8,3.75,3.5,4.85,4.42,34,2.17,2.07,1.81,1.73,17,-0.5,1.87,1.81,2.11,2.04,1.93,3.33,4.86
SC0,30/12/17,Celtic,Rangers,0,0,D,0,0,D,B Madden,11,8,4,3,10,13,7,4,3,3,0,0,1.33,5,9,1.35,4.75,8.5,1.4,4.5,7,1.36,4.8,9,1.37,5.19,9.53,1.33,4.8,8.5,1.36,5.2,8.5,35,1.4,1.35,5.26,4.89,9.55,8.32,29,1.7,1.62,2.38,2.23,18,-1.5,2.09,2.04,1.86,1.81,1.36,5.43,9.67
SC0,30/12/17,Hibernian,Kilmarnock,1,1,D,1,1,D,A Muir,13,3,2,2,13,15,16,3,2,4,0,0,1.75,3.29,5.25,1.75,3.5,4.6,1.8,3.5,4.2,1.75,3.5,4.8,1.75,3.83,5.16,1.8,3.6,4.2,1.75,3.7,4.8,36,1.8,1.75,3.83,3.55,5.25,4.63,34,2.1,2.02,1.87,1.76,18,-0.75,2.04,1.99,1.91,1.85,1.83,3.82,4.63
SC0,30/12/17,Motherwell,Hamilton,1,3,A,1,1,D,A Dallas,8,6,2,3,15,19,8,4,3,2,0,0,2.04,3.5,3.39,2.1,3.3,3.4,2.2,3.2,3.2,2.1,3.3,3.5,2.12,3.63,3.59,2.05,3.5,3.4,2.1,3.5,3.5,36,2.22,2.1,3.63,3.39,3.59,3.38,35,2.09,1.99,1.87,1.79,18,-0.25,1.86,1.81,2.1,2.03,2.35,3.49,3.21
SC0,30/12/17,Partick,Ross County,2,0,H,1,0,H,S Finnie,7,6,5,2,11,8,3,4,1,0,0,0,2.37,3.25,3,2.3,3.2,3.1,2.3,3.2,3,2.35,3.1,3.1,2.37,3.37,3.25,2.4,3.1,3.1,2.38,3.3,3.1,36,2.4,2.34,3.4,3.2,3.25,3.06,34,2.25,2.15,1.75,1.67,18,-0.25,2.09,2.02,1.88,1.82,2.58,3.3,2.98
SC0,30/12/17,St Johnstone,Dundee,0,2,A,0,1,A,W Collum,8,11,3,5,12,8,4,7,4,2,1,0,2.14,3.2,3.6,2.15,3.25,3.4,2.1,3.3,3.3,2.2,3.2,3.3,2.3,3.48,3.25,2.25,3.2,3.3,2.2,3.4,3.3,36,2.3,2.19,3.48,3.27,3.6,3.29,34,2.25,2.1,1.76,1.7,18,-0.25,1.97,1.89,2,1.95,2.4,3.49,3.1
SC0,23/01/18,Partick,Celtic,1,2,A,1,0,H,J Beaton,7,28,3,10,9,5,3,7,1,1,0,0,13,7,1.18,16.5,7,1.16,13,5.8,1.2,17,6.5,1.2,17.8,6.9,1.21,17,6,1.2,17,7,1.18,35,19.05,15.32,7.49,6.48,1.22,1.19,34,1.72,1.64,2.33,2.2,16,2,1.86,1.79,2.11,2.05,13.6,6.7,1.25
SC0,24/01/18,Dundee,Hibernian,0,1,A,0,0,D,D Robertson,15,14,3,7,10,9,7,11,3,2,0,0,4.33,3.6,1.8,4.2,3.5,1.83,3.8,3.45,1.9,4.2,3.4,1.91,4.39,3.58,1.93,4,3.5,1.91,4.2,3.5,1.9,35,4.39,4.06,3.6,3.45,1.95,1.88,34,2.13,2.04,1.81,1.74,16,0.5,2.02,1.95,1.93,1.88,4.39,3.68,1.9
SC0,24/01/18,Hamilton,Hearts,0,3,A,0,0,D,N Walsh,8,7,2,3,10,13,8,4,1,3,0,0,3.39,3.39,2.1,3.4,3.2,2.15,3.1,3.3,2.2,3.4,3.1,2.2,3.46,3.47,2.24,3.3,3.3,2.2,3.4,3.3,2.2,35,3.5,3.35,3.5,3.26,2.24,2.16,32,2.36,2.24,1.7,1.61,17,0.25,2.02,1.96,1.93,1.87,4.11,3.41,2.04
SC0,24/01/18,Motherwell,Ross County,2,0,H,1,0,H,K Clancy,5,12,1,2,18,13,6,4,2,1,0,0,2.04,3.39,3.5,2.1,3.25,3.5,2.2,3.3,3.1,2.05,3.25,3.7,2.14,3.47,3.71,2.1,3.3,3.5,2.05,3.4,3.75,35,2.15,2.07,3.5,3.32,3.75,3.53,34,2.17,2.07,1.78,1.72,17,-0.25,1.83,1.79,2.12,2.04,2.03,3.52,4.03
SC0,24/01/18,Rangers,Aberdeen,2,0,H,1,0,H,B Madden,15,11,4,5,5,17,7,7,0,3,0,0,1.85,3.39,4.33,1.85,3.5,4.1,1.9,3.45,3.8,1.91,3.4,4,1.95,3.63,4.21,1.83,3.5,4.33,1.91,3.6,4,33,1.97,1.89,3.7,3.47,4.33,4.03,35,2.03,1.96,1.93,1.81,16,-0.5,1.96,1.9,2,1.93,2.08,3.57,3.81
SC0,27/01/18,Aberdeen,Kilmarnock,3,1,H,0,1,A,C Thomson,12,9,8,5,11,13,8,7,1,2,0,0,1.61,4,5,1.65,3.75,5,1.6,3.7,5.4,1.7,3.6,5,1.75,3.86,5.15,1.73,3.6,5,1.7,3.8,5,38,1.75,1.68,4,3.7,5.4,4.88,36,2.06,1.97,1.87,1.8,17,-0.75,1.96,1.89,1.98,1.93,1.71,3.86,5.48
SC0,27/01/18,Celtic,Hibernian,1,0,H,1,0,H,B Madden,13,7,6,3,8,10,1,4,1,1,0,0,1.28,5.75,9,1.26,5.5,10.5,1.22,5.5,12,1.3,5.2,10,1.29,5.79,11.44,1.3,5,11,1.3,5.5,10,35,1.31,1.28,6,5.34,12,9.81,33,1.73,1.6,2.38,2.27,18,-1.5,1.94,1.87,2,1.95,1.32,5.75,10.98
SC0,27/01/18,Hamilton,Dundee,1,2,A,1,0,H,K Clancy,2,10,0,5,23,19,3,5,4,2,1,0,2.39,3.39,2.79,2.45,3.2,2.85,2.2,3.3,3.1,2.5,3.2,2.8,2.52,3.46,2.94,2.5,3.2,2.9,2.5,3.4,2.88,37,2.55,2.45,3.5,3.28,3.1,2.81,35,2.15,2.04,1.83,1.75,16,-0.25,2.17,2.12,1.78,1.73,2.62,3.52,2.78
SC0,27/01/18,Hearts,Motherwell,1,1,D,0,0,D,W Collum,11,9,5,2,12,20,2,3,0,2,0,0,2,3.29,3.79,1.87,3.4,4.1,2,3.3,3.6,2.05,3.2,3.75,2.08,3.42,3.97,2.05,3.3,3.75,2.05,3.4,3.75,38,2.08,2,3.42,3.29,4.15,3.75,35,2.25,2.1,5,1.78,17,-0.5,2.09,2.03,1.85,1.81,1.99,3.5,4.21
SC0,27/01/18,St Johnstone,Partick,1,3,A,0,1,A,G Duncan,9,10,4,6,5,12,5,2,1,1,0,0,2.2,3.29,3.29,2.15,3.2,3.4,2,3.3,3.6,2.25,3.1,3.4,2.28,3.34,3.48,2.3,3.2,3.2,2.25,3.25,3.4,36,2.3,2.21,3.4,3.17,3.6,3.29,30,2.41,2.28,1.64,1.59,15,-0.25,1.96,1.9,1.98,1.93,2.37,3.18,3.47
SC0,28/01/18,Ross County,Rangers,1,2,A,0,1,A,S McLean,5,16,2,9,19,8,2,5,2,0,0,0,6,4.33,1.5,6.25,4.25,1.48,7.3,4.4,1.4,6,4.2,1.53,6.45,4.45,1.55,6.5,4.2,1.5,5.75,4.3,1.5,37,7.3,5.93,4.7,4.23,1.55,1.51,35,1.76,1.7,2.2,2.1,18,1,2.07,1.95,1.93,1.87,5.21,4.11,1.7
SC0,30/01/18,Celtic,Hearts,3,1,H,3,0,H,C Thomson,17,3,7,1,9,21,6,3,2,3,0,0,1.22,6,13,1.25,5.5,11,1.25,6,9,1.28,5.25,12,1.27,6,13.5,1.22,6,13,1.25,5.75,13,37,1.29,1.24,6,5.66,14,11.82,35,1.71,1.64,2.3,2.21,18,-1.5,1.82,1.78,2.14,2.06,1.33,5.6,10.51
SC0,31/01/18,Hibernian,Motherwell,2,1,H,1,0,H,A Muir,10,11,4,5,10,18,4,3,0,3,0,0,1.61,3.75,5.5,1.72,3.5,5,1.75,3.5,4.5,1.7,3.6,5,1.72,3.86,5.36,1.7,3.6,5,1.73,3.75,5,37,1.75,1.69,3.86,3.65,5.5,4.98,36,2.1,1.98,1.88,1.79,17,-0.75,1.96,1.9,1.97,1.92,1.67,3.87,6
SC0,31/01/18,Ross County,Aberdeen,2,4,A,0,3,A,A Dallas,5,11,3,7,11,12,3,5,1,4,0,0,5.25,3.5,1.7,5.25,3.6,1.67,4.2,3.5,1.8,4.8,3.7,1.7,5.14,3.9,1.74,5,3.6,1.73,4.8,3.8,1.73,37,5.25,4.79,3.9,3.66,1.8,1.71,36,1.96,1.88,1.98,1.88,17,0.75,1.97,1.9,1.99,1.94,4.57,3.65,1.88
SC0,03/02/18,Aberdeen,Hamilton,3,0,H,1,0,H,E Anderson,15,1,9,1,10,11,8,3,0,1,0,0,1.33,4.75,9.5,1.35,4.6,8.75,1.5,4,6.1,1.36,4.6,9,1.39,4.92,9.82,1.36,4.6,9,1.36,4.8,9,38,1.5,1.37,4.92,4.55,9.82,8.66,37,1.89,1.8,2.06,1.97,17,-1.25,1.94,1.86,2.03,1.97,1.35,4.93,12.01
SC0,03/02/18,Dundee,Ross County,1,4,A,0,0,D,J Beaton,6,12,1,6,5,10,2,9,0,1,0,0,2.14,3.39,3.29,2.15,3.4,3.2,2.1,3.2,3.45,2.15,3.3,3.3,2.22,3.59,3.36,2.2,3.3,3.3,2.15,3.5,3.3,38,2.22,2.16,3.59,3.37,3.45,3.24,37,2.1,1.97,1.92,1.8,17,-0.25,1.92,1.87,2.01,1.96,2.37,3.58,3.09
SC0,03/02/18,Hearts,St Johnstone,1,0,H,0,0,D,A Dallas,8,12,4,8,13,10,1,8,4,1,0,1,1.72,3.75,4.5,1.72,3.6,4.75,1.75,3.5,4.5,1.8,3.3,4.75,1.83,3.61,4.85,1.83,3.4,4.5,1.8,3.5,4.75,37,1.84,1.78,3.75,3.45,4.85,4.57,34,2.3,2.22,1.68,1.62,16,-0.75,2.11,2.05,1.83,1.79,1.85,3.52,5
SC0,03/02/18,Kilmarnock,Celtic,1,0,H,0,0,D,K Clancy,12,8,6,1,17,6,2,2,4,3,0,0,11,5.75,1.25,12.5,5.75,1.22,10.3,5.5,1.25,12,5.5,1.28,12.25,6.25,1.28,13,5.5,1.25,11,6,1.25,37,14,11.17,6.25,5.67,1.3,1.25,33,1.62,1.55,2.5,2.37,17,1.5,2.12,2.06,1.84,1.77,11.1,5.4,1.33
SC0,03/02/18,Motherwell,Partick,1,1,D,0,0,D,N Walsh,9,6,4,2,14,12,6,2,2,4,0,0,2.04,3.29,3.6,2,3.3,3.75,2,3.3,3.6,2.1,3.2,3.6,2.16,3.38,3.75,2.1,3.25,3.6,2.1,3.4,3.6,37,2.16,2.08,3.4,3.25,3.8,3.57,34,2.29,2.19,1.68,1.63,17,-0.25,1.86,1.81,2.09,2.03,2.18,3.37,3.71
SC0,03/02/18,Rangers,Hibernian,1,2,A,0,1,A,W Collum,17,6,6,3,12,14,8,2,3,6,0,0,1.9,3.5,4,1.95,3.3,3.9,2,3.3,3.6,1.95,3.5,3.8,1.99,3.71,3.97,1.91,3.5,4,1.95,3.6,3.9,37,2,1.93,3.71,3.49,4,3.82,36,1.94,1.86,2,1.91,16,-0.5,1.99,1.94,1.95,1.9,1.77,3.78,5.1
SC0,06/02/18,Motherwell,St Johnstone,2,0,H,0,0,D,D Robertson,20,11,5,4,12,9,6,3,0,1,0,0,2.04,3.39,3.5,2.1,3.25,3.5,2.1,3.3,3.3,2.15,3.1,3.5,2.2,3.32,3.72,2.1,3.3,3.5,2.15,3.3,3.5,40,2.2,2.11,3.4,3.22,3.72,3.49,35,2.35,2.23,1.7,1.62,18,-0.25,1.91,1.84,2.03,1.99,2.15,3.34,3.82
SC0,06/02/18,Partick,Rangers,0,2,A,0,1,A,A Muir,6,7,2,3,8,8,4,6,2,0,0,0,6,3.79,1.57,5.25,3.9,1.6,4.2,3.5,1.8,5.75,3.8,1.6,6.32,4.02,1.62,5.5,4,1.57,5.75,4,1.6,40,6.32,5.54,4.02,3.87,1.8,1.59,37,1.92,1.84,2.03,1.93,19,1,1.85,1.79,2.12,2.01,6.68,4.21,1.57
SC0,13/02/18,Kilmarnock,Dundee,3,2,H,1,1,D,N Walsh,8,11,5,6,17,8,2,5,3,3,1,0,2,3.39,3.75,1.95,3.25,4,2,3.3,3.6,1.95,3.3,4,1.98,3.53,4.22,2,3.4,3.8,1.95,3.5,4,40,2.05,1.95,3.55,3.4,4.22,3.83,36,2.15,2.03,1.83,1.75,18,-0.5,2.02,1.94,1.96,1.9,2.06,3.51,3.92
SC0,17/02/18,Hibernian,Aberdeen,2,0,H,0,0,D,A Dallas,17,6,11,3,8,20,6,2,2,5,0,0,2.5,3.39,2.7,2.5,3.25,2.75,2.6,3.2,2.6,2.65,3.1,2.75,2.75,3.3,2.79,2.62,3.2,2.75,2.63,3.25,2.75,39,2.75,2.59,3.39,3.16,2.88,2.72,35,2.33,2.22,1.73,1.63,16,-0.25,2.36,2.24,1.69,1.66,2.6,3.4,2.89
SC0,17/02/18,Motherwell,Kilmarnock,0,1,A,0,1,A,S McLean,13,11,4,4,14,13,13,2,1,2,0,0,2.37,3.29,2.89,2.35,3.2,3,2.5,3.2,2.75,2.4,3.1,3,2.48,3.22,3.22,2.4,3.2,3,2.4,3.3,3,39,2.5,2.38,3.3,3.17,3.22,2.98,35,2.32,2.16,1.72,1.66,17,-0.25,2.12,2.06,1.83,1.78,2.39,3.4,3.2
SC0,17/02/18,Partick,Dundee,1,2,A,1,0,H,W Collum,14,13,6,8,9,7,6,6,0,0,0,0,2.35,3.25,3,2.3,3.2,3.1,2.2,3.2,3.2,2.37,3.1,3.1,2.49,3.41,3.03,2.38,3.2,3.1,2.4,3.3,3,39,2.49,2.34,3.41,3.22,3.2,3.02,36,2.27,2.16,1.7,1.66,17,-0.25,2.12,2.04,1.85,1.8,2.63,3.43,2.84
SC0,17/02/18,Ross County,Hearts,1,1,D,0,0,D,C Thomson,7,8,3,3,7,11,5,10,2,1,0,0,3.1,3.25,2.29,3.1,3.3,2.25,3.3,3.3,2.1,3,3.2,2.37,3.06,3.4,2.47,3,3.3,2.38,3,3.3,2.4,39,3.3,3.01,3.4,3.28,2.47,2.33,36,2.16,2.05,1.81,1.73,17,0.25,1.83,1.8,2.12,2.05,3.1,3.34,2.48
SC0,18/02/18,Celtic,St Johnstone,0,0,D,0,0,D,J Beaton,13,5,6,0,11,23,5,7,0,4,0,0,1.16,7.5,13,1.16,7.5,14,1.2,5.8,13,1.18,7,21,1.21,7.3,16,1.2,6.5,13,1.15,7,15,37,1.21,1.18,7.5,6.77,21,14.47,33,1.63,1.55,2.5,2.36,18,-2,2,1.92,1.97,1.9,1.31,5.5,12
SC0,18/02/18,Hamilton,Rangers,3,5,A,2,4,A,B Madden,5,19,4,8,7,10,3,5,2,1,0,0,7.5,4.5,1.39,7.25,4.6,1.4,6.1,4,1.5,8,4.4,1.4,8.48,4.93,1.42,7,4.5,1.44,7,4.6,1.4,37,8.48,7.26,4.93,4.48,1.5,1.41,35,1.83,1.75,2.14,2.04,17,1.25,1.96,1.88,2.01,1.95,8.35,5.08,1.41
SC0,24/02/18,Dundee,Motherwell,0,1,A,0,1,A,A Muir,10,1,3,1,11,22,12,0,1,3,0,0,2.39,3.25,2.89,2.45,3.3,2.75,2.6,3.2,2.6,2.5,3.25,2.75,2.67,3.37,2.79,2.6,3.2,2.75,2.5,3.4,2.8,37,2.67,2.52,3.4,3.25,2.89,2.75,36,2.09,1.99,1.88,1.78,16,-0.25,2.27,2.18,1.75,1.69,2.69,3.57,2.68
SC0,24/02/18,Hamilton,Partick,2,1,H,1,1,D,N Walsh,7,12,2,3,8,11,4,5,4,2,0,0,2.89,3.2,2.45,2.65,3.2,2.6,2.6,3.2,2.6,2.87,3.1,2.55,3.01,3.31,2.56,2.88,3.2,2.5,2.88,3.25,2.55,35,3.01,2.85,3.31,3.15,2.6,2.49,34,2.28,2.18,1.7,1.65,15,0.25,1.78,1.73,2.19,2.13,3.41,3.29,2.33
SC0,24/02/18,Kilmarnock,Hibernian,2,2,D,0,2,A,K Clancy,20,7,8,3,6,18,16,4,0,4,0,0,3.75,3.29,2,3.4,3.3,2.1,3.3,3.3,2.1,3.6,3.25,2.1,4.08,3.42,2.05,3.6,3.25,2.1,3.7,3.4,2.05,37,4.08,3.67,3.42,3.28,2.1,2.04,36,2.1,2.04,1.83,1.74,16,0.5,1.87,1.81,2.11,2.03,3.47,3.32,2.3
SC0,24/02/18,Rangers,Hearts,2,0,H,1,0,H,J Beaton,24,5,8,2,12,18,6,2,1,3,0,0,1.5,4.09,6.5,1.53,4.1,5.75,1.55,4,5.5,1.57,3.9,6,1.56,4.17,6.9,1.55,4,6,1.57,4.1,6,36,1.58,1.54,4.2,3.97,6.9,5.94,36,1.88,1.83,2.02,1.95,17,-1,2,1.95,1.96,1.89,1.5,4.47,7.47
SC0,24/02/18,St Johnstone,Ross County,2,0,H,2,0,H,W Collum,7,3,2,2,11,9,6,1,3,0,0,1,2.2,3.39,3.25,2.15,3.3,3.3,2.2,3.3,3.1,2.25,3.2,3.2,2.33,3.51,3.21,2.25,3.3,3.2,2.25,3.4,3.2,37,2.33,2.24,3.51,3.32,3.3,3.16,36,2.16,2.06,1.78,1.73,17,-0.25,2,1.94,1.96,1.89,2.48,3.12,3.32
SC0,25/02/18,Aberdeen,Celtic,0,2,A,0,1,A,B Madden,8,11,4,5,10,19,3,5,3,1,1,1,5,3.75,1.66,4.75,3.75,1.7,4.5,3.5,1.75,5,3.7,1.7,5.21,3.89,1.74,4.5,3.75,1.75,4.75,3.75,1.67,37,5.25,4.83,3.89,3.68,1.75,1.69,37,1.98,1.89,1.96,1.88,17,0.75,1.96,1.91,1.98,1.93,6.12,3.91,1.65
SC0,27/02/18,Hearts,Kilmarnock,1,1,D,1,1,D,D Robertson,10,10,4,6,10,12,4,4,2,3,0,0,2.04,3.2,3.79,2.1,3.2,3.5,2.1,3.3,3.3,2.15,3.1,3.6,2.17,3.24,3.92,2.1,3.1,3.75,2.15,3.25,3.6,38,2.25,2.13,3.3,3.16,3.92,3.59,34,2.45,2.32,1.63,1.57,18,-0.25,1.88,1.83,2.08,2.01,2.48,3.15,3.29
SC0,27/02/18,St Johnstone,Rangers,1,4,A,0,3,A,S McLean,7,8,2,5,9,12,7,4,3,1,0,0,7,4,1.5,6.5,4,1.5,5.4,3.7,1.6,6.5,4,1.53,6.71,4.37,1.55,6.5,4.2,1.5,6.5,4.2,1.53,37,7,6.31,4.37,4.05,1.6,1.52,36,2.03,1.91,1.94,1.86,18,1,1.97,1.93,1.96,1.91,6.86,4.29,1.54
SC0,07/03/18,Kilmarnock,St Johnstone,2,0,H,1,0,H,W Collum,20,6,5,1,10,9,5,3,1,2,0,1,2.04,3.39,3.5,2.05,3.4,3.5,2,3.3,3.6,2,3.2,4,2.04,3.41,4.23,2.05,3.2,3.75,2,3.25,3.75,38,2.08,2.01,3.41,3.28,4.23,3.75,33,2.4,2.26,1.65,1.6,17,-0.5,2.06,2,1.88,1.83,2.14,3.23,4.03
SC0,09/03/18,Hibernian,Hearts,2,0,H,0,0,D,B Madden,14,7,4,0,11,19,5,4,1,1,0,0,1.72,3.5,5,1.83,3.3,4.5,1.8,3.5,4.2,1.8,3.3,4.75,1.83,3.55,5.07,1.8,3.3,5,1.8,3.5,4.8,39,1.9,1.81,3.55,3.4,5.07,4.6,35,2.31,2.2,1.72,1.64,18,-0.5,1.85,1.8,2.11,2.06,1.71,3.99,5.22
SC0,10/03/18,Dundee,St Johnstone,0,4,A,0,2,A,C Thomson,6,8,3,5,12,13,6,5,2,3,0,0,2.39,3.1,3.1,2.45,3,3,2.3,3.1,3.1,2.4,3.1,3.1,2.54,3.26,3.07,2.5,3.2,2.9,2.45,3.2,3,39,2.54,2.4,3.3,3.13,3.15,3,34,2.34,2.25,1.65,1.61,17,-0.25,2.14,2.07,1.83,1.78,2.49,3.2,3.22
SC0,10/03/18,Hamilton,Motherwell,2,0,H,1,0,H,S McLean,5,8,2,1,13,15,6,9,1,2,0,0,4.33,3.5,1.85,3.9,3.3,1.95,3.1,3.3,2.2,4.2,3.3,1.91,4.62,3.41,1.94,4,3.5,1.91,4.2,3.5,1.9,39,4.62,4.05,3.5,3.36,2.2,1.91,36,2.16,2.06,1.79,1.73,16,0.5,2,1.94,1.94,1.89,4.49,3.59,1.91
SC0,10/03/18,Kilmarnock,Ross County,3,2,H,1,0,H,J Beaton,12,2,7,2,16,16,2,5,1,2,0,0,2,3.29,3.79,2,3.3,3.7,2,3.3,3.6,2.05,3.25,3.7,2.08,3.47,3.91,2,3.4,3.8,2.05,3.4,3.7,39,2.1,2.02,3.47,3.33,4,3.67,36,2.14,2.05,1.82,1.74,17,-0.5,2.11,2.04,1.87,1.81,2.04,3.49,4.02
SC0,10/03/18,Partick,Aberdeen,0,0,D,0,0,D,G Aitken,5,10,3,1,11,8,3,2,1,0,0,0,4.33,3.6,1.8,4.75,3.6,1.72,4.2,3.5,1.8,4.6,3.4,1.8,4.98,3.7,1.81,4.5,3.5,1.8,4.6,3.6,1.8,39,4.98,4.42,3.7,3.51,1.85,1.79,36,2.2,2.08,1.78,1.71,16,0.5,2.11,2.05,1.83,1.8,4.92,3.72,1.81
SC0,11/03/18,Rangers,Celtic,2,3,A,2,2,D,W Collum,13,11,5,6,14,16,3,8,3,3,0,1,3.79,3.6,1.9,3.8,3.5,1.91,3.6,3.3,2,3.7,3.5,2,4.07,3.58,2,4,3.4,1.95,3.6,3.6,1.93,38,4.07,3.71,3.6,3.49,2.07,1.96,37,1.89,1.83,2.02,1.94,16,0.25,2.25,2.17,1.78,1.71,3.58,3.32,2.24
SC0,16/03/18,St Johnstone,Hibernian,1,1,D,0,1,A,J Beaton,14,7,5,1,17,10,5,4,5,1,0,1,4,3.2,2,4.2,3.25,1.9,3.6,3.3,2,4,3.25,1.95,4.31,3.44,1.99,4.2,3.1,2,4.1,3.4,1.95,41,4.31,3.99,3.46,3.29,2.05,1.96,36,2.27,2.17,1.73,1.65,17,0.5,1.94,1.89,1.99,1.95,3.91,3.32,2.14
SC0,17/03/18,Aberdeen,Dundee,1,0,H,1,0,H,W Collum,14,4,6,2,8,6,11,1,1,0,0,0,1.5,4.33,6,1.5,4.2,6,1.45,4,7,1.53,4,6,1.54,4.66,6.18,1.5,4.2,6.5,1.53,4.33,6,41,1.57,1.52,4.66,4.16,7,5.94,40,1.85,1.8,2.06,1.98,19,-1,1.96,1.91,1.97,1.91,1.66,4,5.76
SC0,17/03/18,Hearts,Partick,3,0,H,3,0,H,E Anderson,16,4,5,1,11,13,3,3,1,2,0,0,2.14,3.29,3.39,2.1,3.2,3.5,1.9,3.45,3.8,2.15,3.1,3.6,2.17,3.31,3.77,2.2,3.1,3.5,2.15,3.3,3.6,41,2.2,2.12,3.45,3.2,3.92,3.56,36,2.42,2.3,1.64,1.58,17,-0.25,1.87,1.83,2.06,2.01,2.12,3.26,4.07
SC0,17/03/18,Rangers,Kilmarnock,0,1,A,0,0,D,D Robertson,10,9,3,5,16,10,8,3,1,2,0,0,1.39,4.75,7.5,1.4,4.4,7.5,1.45,4,7,1.4,4.4,7.5,1.42,4.98,8.38,1.4,4.5,8,1.4,4.6,8,41,1.45,1.41,4.98,4.51,8.38,7.38,38,1.81,1.73,2.14,2.05,18,-1.25,1.99,1.94,1.94,1.89,1.43,4.75,8.51
SC0,17/03/18,Ross County,Hamilton,2,2,D,1,0,H,K Clancy,21,6,8,3,15,10,7,2,1,5,0,0,1.9,3.5,3.89,1.95,3.4,3.8,1.85,3.45,4,1.95,3.4,3.9,2,3.71,3.9,1.91,3.5,4,1.95,3.5,4,41,2.07,1.92,3.71,3.47,4.22,3.85,40,2.01,1.94,1.91,1.83,18,-0.5,1.98,1.93,1.95,1.91,2.03,3.61,3.94
SC0,18/03/18,Motherwell,Celtic,0,0,D,0,0,D,C Thomson,12,22,5,7,8,12,4,11,1,1,1,0,9.5,5.25,1.28,10,5.25,1.28,10,5.2,1.27,11,5.2,1.3,12.25,5.99,1.29,11,5.5,1.29,9,5.2,1.3,41,12.25,9.8,6.5,5.38,1.33,1.28,36,1.67,1.59,2.41,2.28,19,1.5,1.98,1.92,1.96,1.91,9.8,4.38,1.44
SC0,28/03/18,St Johnstone,Hamilton,1,0,H,1,0,H,E Anderson,13,4,3,3,10,17,12,3,1,2,0,0,1.8,3.5,4.5,1.8,3.4,4.5,1.9,3.45,3.8,1.8,3.3,4.6,1.85,3.61,4.79,1.8,3.4,4.8,1.8,3.4,4.4,41,1.9,1.8,3.61,3.46,5,4.53,37,2.25,2.14,1.75,1.67,15,-0.5,1.86,1.81,2.08,2.03,1.76,3.77,5.19
SC0,31/03/18,Aberdeen,St Johnstone,4,1,H,2,0,H,B Madden,15,7,9,1,8,14,5,4,0,2,0,0,1.57,3.89,5.75,1.62,3.75,5.5,1.55,3.9,5.6,1.61,3.7,6,1.62,3.92,6.5,1.62,3.6,6,1.6,3.75,5.5,40,1.65,1.6,4,3.75,6.5,5.67,38,2.17,2.08,1.79,1.71,16,-1,2.19,2.12,1.79,1.74,1.82,3.31,5.6
SC0,31/03/18,Celtic,Ross County,3,0,H,1,0,H,S McLean,25,2,8,2,10,8,7,3,0,0,0,1,1.16,7,15,1.16,7.25,15,1.2,5.8,13,1.2,6.5,17,1.2,7.42,18.06,1.2,6.5,13,1.17,7,13,40,1.22,1.18,7.5,6.75,18.06,14,35,1.5,1.44,2.8,2.66,18,-2,2,1.93,1.97,1.9,1.18,7.7,19.25
SC0,31/03/18,Hibernian,Partick,2,0,H,0,0,D,A Dallas,8,4,7,2,10,20,5,8,1,2,0,1,1.53,4,6,1.53,3.8,6.5,1.5,4,6.1,1.6,3.7,6,1.61,3.97,6.52,1.6,3.75,6,1.57,3.8,5.75,40,1.62,1.57,4.15,3.83,6.95,5.86,38,2.13,2.03,1.85,1.75,18,-1,2.13,2.04,1.83,1.79,1.7,3.78,5.77
SC0,31/03/18,Kilmarnock,Hamilton,2,0,H,2,0,H,A Muir,13,6,6,3,16,19,8,4,1,4,0,0,1.72,3.5,5,1.75,3.4,5,1.85,3.45,4,1.73,3.5,4.75,1.72,3.81,5.53,1.75,3.5,4.8,1.7,3.6,4.8,40,1.85,1.75,3.85,3.52,5.53,4.66,39,2.11,2.02,1.82,1.76,14,-0.5,1.79,1.75,2.23,2.13,1.73,3.66,5.78
SC0,31/03/18,Motherwell,Rangers,2,2,D,2,0,H,N Walsh,10,18,2,8,15,9,2,7,0,2,0,0,5.25,3.6,1.66,5,3.75,1.65,4.2,3.5,1.8,4.8,3.75,1.7,5.18,4.05,1.71,5,3.6,1.67,4.6,3.8,1.67,40,5.25,4.73,4.05,3.74,1.8,1.68,39,1.89,1.8,2.06,1.97,17,0.75,1.97,1.91,2,1.91,5.92,4.07,1.64
SC0,01/04/18,Dundee,Hearts,1,1,D,1,1,D,K Clancy,15,7,6,4,12,10,8,4,4,4,0,0,2.62,3.25,2.62,2.5,3.1,2.85,2.6,3.2,2.6,2.65,3.1,2.7,2.8,3.24,2.79,2.5,3.2,2.8,2.6,3.25,2.6,39,2.8,2.61,3.3,3.18,2.85,2.68,34,2.2,2.09,1.76,1.7,15,0,1.96,1.9,2,1.93,2.82,3.37,2.68
SC0,03/04/18,Hibernian,Hamilton,3,1,H,1,1,D,S McLean,12,2,5,1,10,19,6,0,1,3,0,1,1.44,4.2,7.5,1.4,4.33,8.25,1.45,4,7,1.4,4.33,8.5,1.41,4.75,9.55,1.4,4.4,8.5,1.4,4.6,8.5,39,1.45,1.4,4.85,4.42,9.7,8.18,38,1.95,1.87,1.98,1.9,16,-1.25,2,1.95,1.93,1.89,1.36,4.99,11
SC0,03/04/18,Motherwell,Aberdeen,0,2,A,0,0,D,D Robertson,7,16,3,5,13,9,3,6,1,0,0,0,3.75,3.2,2.04,3.7,3.2,2.05,3.3,3.3,2.1,3.6,3.1,2.15,3.78,3.27,2.2,3.6,3.25,2.1,3.6,3.3,2.15,38,3.85,3.6,3.34,3.22,2.2,2.09,37,2.36,2.2,1.73,1.65,15,0.5,1.8,1.76,2.16,2.1,4.09,3.34,2.08
SC0,03/04/18,Ross County,Partick,4,0,H,2,0,H,W Collum,13,8,6,4,10,7,5,7,1,1,0,0,2.37,3.25,3,2.4,3.2,2.9,2.4,3.3,2.75,2.55,3.1,2.87,2.64,3.22,2.98,2.5,3.1,3,2.5,3.25,2.9,39,2.67,2.49,3.3,3.16,3.08,2.88,38,2.34,2.19,1.72,1.65,16,-0.25,2.23,2.16,1.76,1.72,2.23,3.32,3.61
SC0,04/04/18,Celtic,Dundee,0,0,D,0,0,D,A Muir,26,1,7,1,7,20,11,2,1,3,0,0,1.16,7,15,1.16,7,15.5,1.15,7,15,1.18,6.5,17,1.21,7.26,16.11,1.17,7,17,1.18,7,17,39,1.21,1.17,7.75,6.83,18,14.73,35,1.53,1.5,2.61,2.49,17,-2,2.03,1.95,1.95,1.87,1.22,7.2,14.24
SC0,07/04/18,Hearts,Aberdeen,2,0,H,2,0,H,J Beaton,11,10,6,3,10,12,3,0,1,2,0,0,3.75,3.39,2,3.5,3.2,2.1,3.6,3.3,2,3.7,3.1,2.1,4.26,3.32,2.04,3.8,3.25,2.05,3.9,3.3,2.05,41,4.26,3.66,3.39,3.22,2.22,2.06,36,2.39,2.27,1.65,1.6,16,0.25,2.19,2.09,1.83,1.76,4.25,3.39,2.02
SC0,07/04/18,Partick,Kilmarnock,0,1,A,0,1,A,G Duncan,5,6,3,3,11,13,4,4,1,1,0,0,3.6,3.2,2.1,3.4,3.1,2.2,3.1,3.3,2.2,3.2,3.1,2.35,3.7,3.34,2.17,3.3,3.2,2.25,3.4,3.3,2.2,40,3.7,3.32,3.34,3.2,2.35,2.21,35,2.3,2.21,1.7,1.63,17,0.25,2.02,1.94,1.97,1.9,3.73,3.22,2.24
SC0,07/04/18,Rangers,Dundee,4,0,H,1,0,H,G Aitken,14,12,6,3,15,13,6,4,3,2,0,0,1.33,5,9,1.33,5,8.5,1.4,4.4,7.3,1.33,5,9.5,1.33,5.57,10.4,1.33,5,9,1.33,5.25,9,40,1.4,1.32,5.65,5.06,11,9.12,35,1.65,1.6,2.41,2.27,17,-1.5,2,1.95,1.93,1.89,1.32,5.8,10.64
SC0,07/04/18,Ross County,Hibernian,1,1,D,1,0,H,B Madden,2,14,1,4,12,5,1,13,2,0,0,0,4.33,3.6,1.8,3.8,3.4,1.95,4,3.45,1.85,3.75,3.4,2,4.34,3.65,1.92,4,3.5,1.91,4,3.5,1.95,40,4.5,3.87,3.66,3.46,2.05,1.92,39,1.98,1.88,1.98,1.89,15,0.5,2.06,1.95,2,1.89,4.25,3.5,1.98
SC0,07/04/18,St Johnstone,Motherwell,0,0,D,0,0,D,W Collum,8,5,3,1,9,18,1,3,2,2,0,0,2.62,3.1,2.75,2.45,3.2,2.85,2.5,3.3,2.65,2.6,3,2.87,2.73,3.34,2.79,2.5,3.2,2.9,2.63,3.25,2.75,41,2.88,2.56,3.34,3.15,3.08,2.78,36,2.36,2.24,1.65,1.61,16,-0.25,2.33,2.19,1.8,1.69,2.36,3.27,3.39
SC0,08/04/18,Hamilton,Celtic,1,2,A,1,1,D,A Dallas,3,20,1,6,10,9,2,7,2,0,1,0,17,6.5,1.16,12.5,6.25,1.2,10.3,5.5,1.25,15,6,1.22,16.72,7.05,1.21,13,6,1.22,13,6.5,1.18,41,19,14.23,7.05,6.27,1.25,1.19,36,1.65,1.59,2.4,2.29,16,2,1.84,1.78,2.1,2.06,19,7.4,1.19
SC0,14/04/18,Hamilton,Kilmarnock,1,2,A,0,0,D,B Cook,5,12,3,6,16,9,3,3,3,1,0,0,4,3.6,1.85,4.4,3.5,1.8,4.1,3.35,1.85,4.6,3.4,1.8,4.92,3.7,1.81,4.33,3.2,1.91,4.6,3.6,1.8,41,4.92,4.46,3.7,3.46,1.91,1.81,38,2.15,2.06,1.8,1.73,16,0.5,2.12,2.05,1.85,1.8,3.76,3.13,2.27
SC0,21/04/18,Dundee,St Johnstone,2,1,H,1,0,H,D Robertson,8,8,4,3,10,15,2,8,2,4,0,0,2.37,3.1,3.2,2.35,3,3.2,2.4,3,3.05,2.45,3,3.1,2.47,3.28,3.17,2.38,3.1,3.1,2.45,3.2,3,43,2.47,2.38,3.28,3.09,3.4,3.1,37,2.48,2.35,1.62,1.55,19,-0.25,2.14,2.06,1.84,1.78,2.37,3.28,3.36
SC0,21/04/18,Hibernian,Celtic,2,1,H,1,0,H,S McLean,13,13,5,4,12,12,5,3,2,2,0,0,6.5,4.33,1.5,5.75,4.1,1.53,5.6,3.9,1.55,6.5,4,1.5,7.16,4.24,1.54,6.5,4.2,1.5,6.5,4.33,1.5,43,7.16,6.23,4.33,4.04,1.59,1.52,41,1.96,1.85,2.05,1.91,20,1,2.01,1.91,2.02,1.9,5.26,3.98,1.71
SC0,21/04/18,Kilmarnock,Aberdeen,0,2,A,0,1,A,N Walsh,9,10,1,5,10,7,8,3,1,1,0,0,3.1,3.2,2.37,3.2,3.2,2.25,3.05,3.05,2.35,3.1,3.1,2.4,3.2,3.27,2.46,3,3.25,2.4,3.1,3.2,2.4,43,3.2,3.04,3.27,3.13,2.6,2.38,37,2.44,2.28,1.63,1.58,19,0.25,1.84,1.79,2.1,2.04,3.67,3.33,2.21
SC0,21/04/18,Partick,Hamilton,2,1,H,0,1,A,J Beaton,11,8,5,3,8,14,5,1,2,3,0,0,1.95,3.29,4,1.95,3.3,3.9,1.87,3.35,4.05,1.95,3.2,4.2,1.96,3.76,3.92,2,3.25,4,1.93,3.4,4.2,43,2,1.94,3.76,3.4,4.33,3.88,38,2.31,2.21,1.7,1.63,17,-0.5,2,1.92,1.97,1.91,2,3.62,4
SC0,21/04/18,Ross County,Motherwell,0,0,D,0,0,D,A Muir,8,8,2,2,15,10,4,8,3,1,0,0,2.54,3.29,2.7,2.6,3.2,2.65,2.65,3.15,2.6,2.7,3.1,2.65,2.78,3.37,2.71,2.6,3.4,2.62,2.7,3.3,2.7,43,2.78,2.63,3.4,3.24,2.85,2.64,39,2.21,2.09,1.74,1.7,17,0,1.97,1.91,1.96,1.91,2.28,3.43,3.4
SC0,22/04/18,Rangers,Hearts,2,1,H,0,0,D,C Thomson,21,6,9,3,10,11,15,5,1,1,0,0,1.44,4,8,1.44,4.25,7.25,1.4,4.5,7,1.5,4,7.5,1.49,4.35,8.03,1.5,4,7,1.45,4.1,7,41,1.51,1.46,4.5,4.1,8.03,7.12,38,2.16,2.03,1.8,1.74,18,-1,1.86,1.79,2.15,2.03,1.49,4.68,7.18
SC0,27/04/18,Aberdeen,Hearts,2,0,H,2,0,H,A Dallas,14,5,7,1,9,18,3,1,2,2,0,0,1.53,4,6.5,1.53,3.9,6.25,1.53,3.55,6.8,1.53,3.6,7,1.55,3.89,8.11,1.57,3.6,7,1.53,3.9,7,40,1.59,1.54,4,3.69,8.11,6.95,35,2.5,2.37,1.62,1.56,19,-1,2.04,1.99,1.89,1.83,1.56,3.87,7.83
SC0,28/04/18,Hamilton,Ross County,2,0,H,0,0,D,B Madden,10,11,5,3,13,7,3,3,2,1,0,0,2.75,3.29,2.5,2.75,3.2,2.55,2.7,3.15,2.55,2.8,3.1,2.6,2.88,3.27,2.69,2.8,3.2,2.5,2.8,3.3,2.55,42,2.9,2.76,3.35,3.19,2.7,2.55,38,2.31,2.16,1.75,1.66,17,0,2.05,1.98,1.9,1.84,3.04,3.22,2.59
SC0,28/04/18,Hibernian,Kilmarnock,5,3,H,1,1,D,D Robertson,15,5,9,5,13,12,5,2,2,3,0,0,1.66,3.6,5.25,1.7,3.6,5,1.7,3.6,4.75,1.72,3.5,5,1.77,3.93,4.85,1.75,3.4,5,1.73,3.75,4.8,40,1.8,1.72,3.93,3.62,5.25,4.76,36,2.13,2.04,1.83,1.74,17,-0.75,2,1.93,1.93,1.89,1.78,3.98,4.65
SC0,28/04/18,Motherwell,Dundee,2,1,H,1,1,D,N Walsh,10,13,5,6,20,6,2,7,0,2,0,0,2.1,3.29,3.5,2.25,3.4,3,2.15,3.3,3.2,2.2,3.2,3.4,2.23,3.72,3.25,2.2,3.3,3.3,2.2,3.4,3.3,41,2.25,2.17,3.72,3.35,3.5,3.24,38,2.2,2.09,1.76,1.7,18,-0.25,1.93,1.88,2.03,1.94,2.22,3.63,3.29
SC0,28/04/18,St Johnstone,Partick,1,1,D,1,0,H,A Muir,8,10,6,3,20,11,4,2,3,3,0,0,2.25,3.2,3.25,2.3,3.1,3.2,2.3,3.05,3.15,2.37,3,3.2,2.4,3.32,3.26,2.4,3.1,3.1,2.38,3.25,3.13,41,2.45,2.31,3.35,3.13,3.3,3.17,35,2.41,2.31,1.62,1.58,18,-0.25,2.08,1.99,1.89,1.83,2.58,3.28,3
SC0,29/04/18,Celtic,Rangers,5,0,H,3,0,H,C Thomson,24,8,13,2,6,22,8,4,1,4,0,0,1.53,4.33,6,1.5,4.25,6,1.6,3.9,5,1.53,4,5.8,1.56,4.34,6.56,1.6,3.6,6,1.53,4.2,5.4,38,1.6,1.54,4.34,4.1,6.56,5.66,33,1.75,1.69,2.19,2.12,17,-1,2,1.93,1.96,1.89,1.47,4.7,7.7
SC0,04/05/18,Partick,Ross County,1,1,D,1,1,D,K Clancy,14,11,4,3,15,10,11,5,4,0,0,0,2.29,3.29,3.1,2.3,3.1,3.2,2.3,3.05,3.2,2.35,3,3.2,2.4,3.29,3.3,2.25,3.1,3.1,2.38,3.25,3.13,42,2.43,2.32,3.29,3.14,3.32,3.17,37,2.45,2.3,1.63,1.58,18,-0.25,2.06,1.99,1.89,1.84,2.4,3.25,3.32
SC0,05/05/18,Aberdeen,Hibernian,0,0,D,0,0,D,J Beaton,7,8,1,3,15,20,9,3,3,2,0,0,2.14,3.39,3.29,2.2,3.3,3.25,2.2,3.15,3.25,2.25,3.1,3.3,2.3,3.41,3.36,2.25,3.2,3.3,2.25,3.3,3.3,41,2.3,2.2,3.41,3.23,3.45,3.27,37,2.29,2.19,1.69,1.64,18,-0.25,1.97,1.91,1.98,1.92,2.29,3.38,3.42
SC0,05/05/18,Dundee,Hamilton,1,0,H,1,0,H,S McLean,9,8,3,2,10,21,4,6,2,4,0,0,1.9,3.39,4,1.87,3.5,4,1.87,3.35,4,1.91,3.3,4.2,1.93,3.62,4.28,2,3.3,3.75,1.93,3.5,4.1,42,2,1.91,3.62,3.41,4.33,4,39,2.16,2.08,1.77,1.72,17,-0.5,1.95,1.91,1.99,1.92,1.94,3.26,4.8
SC0,05/05/18,Motherwell,St Johnstone,1,5,A,0,3,A,G Duncan,13,14,3,8,17,12,4,1,2,1,0,0,2.14,3.39,3.29,2.1,3.25,3.5,2.2,3.05,3.35,2.25,3,3.5,2.32,3.26,3.49,2.25,3.2,3.3,2.2,3.25,3.5,42,2.32,2.2,3.39,3.14,3.6,3.37,37,2.56,2.4,1.6,1.53,19,-0.25,1.97,1.89,2.01,1.93,2.26,3.27,3.61
SC0,05/05/18,Rangers,Kilmarnock,1,0,H,0,0,D,A Muir,10,6,1,3,14,12,11,4,2,4,0,0,1.39,4.5,8,1.42,4.5,7,1.4,4.4,7.3,1.4,4.5,7.5,1.45,4.89,7.74,1.44,4.2,7.5,1.4,4.8,8,41,1.48,1.41,5,4.58,8,7.32,36,1.73,1.65,2.3,2.18,18,-1.25,1.99,1.92,1.97,1.91,1.45,5.07,7.33
SC0,06/05/18,Hearts,Celtic,1,3,A,1,1,D,B Madden,6,18,4,8,12,10,5,3,4,1,0,0,10,5.25,1.28,9,4.6,1.35,7,4,1.45,13,5,1.28,12.15,5.22,1.32,9,4.5,1.36,11,5,1.29,41,13.5,10.59,5.25,4.89,1.45,1.31,40,1.98,1.89,1.96,1.88,17,1.25,2.23,2.16,1.76,1.72,8.62,4.89,1.41
SC0,08/05/18,Aberdeen,Rangers,1,1,D,1,0,H,S McLean,10,9,5,3,20,17,8,4,4,6,0,0,2.39,3.29,2.87,2.45,3.25,2.8,2.5,3.2,2.75,2.5,3.25,2.8,2.55,3.32,2.91,2.5,3.25,2.6,2.5,3.4,2.8,40,2.57,2.47,3.4,3.27,2.95,2.8,39,2.02,1.92,1.94,1.85,18,0,1.87,1.81,2.09,2.03,2.68,3.2,2.84
SC0,08/05/18,Hamilton,St Johnstone,1,2,A,0,0,D,K Clancy,12,11,5,5,16,8,6,4,2,2,0,0,2.5,3.2,2.79,2.55,3.1,2.85,2.1,3.3,3.3,2.6,3,2.8,2.62,3.19,2.93,2.6,3.1,2.88,2.63,3.2,2.8,41,2.75,2.54,3.3,3.1,3.3,2.84,36,2.38,2.24,1.67,1.61,18,0,1.88,1.81,2.35,2.03,2.68,3.1,2.93
SC0,08/05/18,Partick,Motherwell,0,1,A,0,0,D,B Madden,14,6,6,2,5,10,5,7,1,2,0,0,2.2,3.2,3.39,2.15,3.3,3.3,2.15,3.2,3.25,2.2,3.1,3.4,2.2,3.56,3.33,2.25,3.1,3.4,2.25,3.25,3.4,41,2.29,2.19,3.56,3.26,3.55,3.29,36,2.38,2.28,1.65,1.6,20,-0.25,1.97,1.9,2,1.93,2.31,3.54,3.12
SC0,08/05/18,Ross County,Dundee,0,1,A,0,0,D,A Dallas,6,7,2,3,12,9,4,8,5,4,0,0,1.95,3.7,3.5,2.05,3.5,3.4,2.1,3.3,3.3,2,3.4,3.7,2.04,3.85,3.5,2,3.6,3.6,2,3.7,3.6,41,2.1,2.01,3.91,3.56,3.75,3.48,40,2,1.92,1.96,1.85,18,-0.5,2.05,2,1.88,1.83,1.98,4.08,3.47
SC0,09/05/18,Celtic,Kilmarnock,0,0,D,0,0,D,J Beaton,10,0,1,0,11,10,10,2,0,0,0,0,1.16,7,15,1.22,6.75,9.5,1.2,6,12.5,1.2,6.5,15,1.19,7.21,14.89,1.2,6.5,13,1.2,7,13,40,1.24,1.2,7.5,6.58,15,12.43,34,1.5,1.42,3,2.73,18,-2,2.12,2.03,1.87,1.8,1.29,5.4,13.02
SC0,09/05/18,Hearts,Hibernian,2,1,H,1,0,H,C Thomson,6,13,4,4,15,11,5,3,1,2,0,0,4.33,3.39,1.85,4,3.4,1.9,3.9,3.3,1.9,4,3.25,1.95,3.99,3.52,1.96,4,3.4,1.95,4.1,3.4,1.95,39,4.33,3.9,3.52,3.36,2.05,1.94,36,2.2,2.12,1.77,1.68,17,0.5,1.98,1.89,1.99,1.94,3.77,3.35,2.11
SC0,12/05/18,Dundee,Partick,0,1,A,0,0,D,S McLean,8,10,3,6,7,7,7,10,0,1,0,0,2.7,3.29,2.6,2.65,3.25,2.6,2.55,3.3,2.55,2.65,3.2,2.62,2.64,3.74,2.59,2.62,3.25,2.62,2.7,3.4,2.6,40,2.7,2.61,3.74,3.34,2.75,2.6,38,2.1,2,1.84,1.77,17,0,1.99,1.92,1.95,1.9,3.23,3.75,2.22
SC0,12/05/18,Motherwell,Hamilton,3,0,H,1,0,H,A Muir,11,4,6,1,16,6,5,2,0,2,0,0,1.9,3.75,3.6,1.87,3.4,4.1,1.8,3.55,4.1,1.83,3.4,4.4,1.85,4.02,4.08,1.83,3.5,4.33,1.83,3.7,4.33,41,1.91,1.83,4.02,3.59,4.5,4.11,39,2.12,2.03,1.85,1.75,16,-0.75,2.16,2.09,1.81,1.76,2.37,3.44,3.18
SC0,12/05/18,St Johnstone,Ross County,1,1,D,0,1,A,N Walsh,6,10,2,4,14,12,4,4,2,2,0,0,2.6,3.5,2.54,2.6,3.5,2.5,2.65,3.2,2.6,2.7,3.1,2.65,2.74,3.49,2.63,2.7,3.1,2.7,2.7,3.3,2.7,41,2.76,2.65,3.5,3.26,2.7,2.61,39,2.21,2.12,1.76,1.68,17,0,1.98,1.92,1.96,1.9,3.36,3.79,2.15
SC0,13/05/18,Celtic,Aberdeen,0,1,A,0,0,D,C Thomson,19,5,6,1,15,10,8,1,3,2,0,1,1.39,4.75,7,1.42,4.33,7.25,1.45,4.3,6.5,1.44,4.33,6.5,1.45,4.59,7.87,1.44,4.33,7,1.44,4.4,6.5,40,1.5,1.43,4.75,4.4,8,6.92,36,1.75,1.69,2.19,2.1,17,-1.25,2.06,1.98,1.89,1.84,1.59,4.09,6.31
SC0,13/05/18,Hibernian,Rangers,5,5,D,3,3,D,A Dallas,14,12,8,9,16,14,10,3,3,3,0,1,2.62,3.5,2.5,2.55,3.5,2.55,2.6,3.4,2.45,2.7,3.3,2.5,2.67,3.86,2.5,2.7,3.2,2.6,2.63,3.5,2.45,40,2.75,2.65,3.86,3.44,2.6,2.48,39,1.88,1.82,2.04,1.95,16,0,2.05,1.98,1.89,1.84,2.57,4,2.54
SC0,13/05/18,Kilmarnock,Hearts,1,0,H,1,0,H,S Finnie,19,8,10,2,8,10,8,5,1,2,0,0,1.8,3.6,4.5,1.87,3.5,4,1.8,3.4,4.3,1.83,3.4,4.5,1.86,3.61,4.56,1.91,3.3,4.2,1.8,3.5,4.2,40,1.92,1.83,3.75,3.51,4.56,4.21,38,2.14,2.05,1.8,1.73,17,-0.5,1.91,1.84,2.08,1.99,1.63,4.38,5.29
